correct,examples,accuracy,loss,shirt_precision,shirt_recall,shirt_f1,macro_f1,validation_half_correct,macs,early_exit,cascade
5717,6000,0.9528333333333333,0.15295259654521942,0.8838028169014085,0.8366666666666667,0.8595890410958904,0.9526467414697372,"[2853, 2864]",3183978880.0,0,
5721,6000,0.9535,0.15823839604854584,0.8869257950530035,0.8366666666666667,0.8610634648370498,0.9532853801363863,"[2857, 2864]",1698398697.0666666,2945,"{'name': 'accuracy_wide_clean_swa', 'views': 1, 'threshold': 0.9, 'classes': [1, 5, 7, 8, 9], 'macs': 77222784, 'sha256': '0aa9d82bef91689cc3b4b76c97b385153e325887adf376d641f082358aabea0f'}"
5721,6000,0.9535,0.15819990634918213,0.8869257950530035,0.8366666666666667,0.8610634648370498,0.9532845546810208,"[2856, 2865]",1707419970.56,2928,"{'name': 'accuracy_wide_clean_swa', 'views': 1, 'threshold': 0.95, 'classes': [1, 5, 7, 8, 9], 'macs': 77222784, 'sha256': '0aa9d82bef91689cc3b4b76c97b385153e325887adf376d641f082358aabea0f'}"
5719,6000,0.9531666666666667,0.1582411527633667,0.8869257950530035,0.8366666666666667,0.8610634648370498,0.9529587860526441,"[2854, 2865]",1716971907.2,2910,"{'name': 'accuracy_wide_clean_swa', 'views': 1, 'threshold': 0.975, 'classes': [1, 5, 7, 8, 9], 'macs': 77222784, 'sha256': '0aa9d82bef91689cc3b4b76c97b385153e325887adf376d641f082358aabea0f'}"
5719,6000,0.9531666666666667,0.15776634216308594,0.8853615520282186,0.8366666666666667,0.8603256212510711,0.952968822215752,"[2854, 2865]",1741382411.9466665,2864,"{'name': 'accuracy_wide_clean_swa', 'views': 1, 'threshold': 0.99, 'classes': [1, 5, 7, 8, 9], 'macs': 77222784, 'sha256': '0aa9d82bef91689cc3b4b76c97b385153e325887adf376d641f082358aabea0f'}"
5718,6000,0.953,0.15472005307674408,0.8838028169014085,0.8366666666666667,0.8595890410958904,0.9528123167003641,"[2854, 2864]",1759955622.08,2829,"{'name': 'accuracy_wide_clean_swa', 'views': 1, 'threshold': 0.995, 'classes': [1, 5, 7, 8, 9], 'macs': 77222784, 'sha256': '0aa9d82bef91689cc3b4b76c97b385153e325887adf376d641f082358aabea0f'}"
5717,6000,0.9528333333333333,0.1525641828775406,0.8838028169014085,0.8366666666666667,0.8595890410958904,0.9526467414697372,"[2853, 2864]",1804000663.2533333,2746,"{'name': 'accuracy_wide_clean_swa', 'views': 1, 'threshold': 0.999, 'classes': [1, 5, 7, 8, 9], 'macs': 77222784, 'sha256': '0aa9d82bef91689cc3b4b76c97b385153e325887adf376d641f082358aabea0f'}"
5717,6000,0.9528333333333333,0.15359176695346832,0.8838028169014085,0.8366666666666667,0.8595890410958904,0.9526467414697372,"[2853, 2864]",2601587372.693333,1243,"{'name': 'accuracy_wide_clean_swa', 'views': 1, 'threshold': 0.9999, 'classes': [1, 5, 7, 8, 9], 'macs': 77222784, 'sha256': '0aa9d82bef91689cc3b4b76c97b385153e325887adf376d641f082358aabea0f'}"
5718,6000,0.953,0.15528900921344757,0.8853615520282186,0.8366666666666667,0.8603256212510711,0.9527994104314054,"[2854, 2864]",1783581428.266667,2930,"{'name': 'accuracy_wide_clean_swa', 'views': 2, 'threshold': 0.9, 'classes': [1, 5, 7, 8, 9], 'macs': 154445568, 'sha256': '0aa9d82bef91689cc3b4b76c97b385153e325887adf376d641f082358aabea0f'}"
5717,6000,0.9528333333333333,0.15490834414958954,0.8853615520282186,0.8366666666666667,0.8603256212510711,0.9526372894984789,"[2854, 2863]",1794725354.3466666,2909,"{'name': 'accuracy_wide_clean_swa', 'views': 2, 'threshold': 0.95, 'classes': [1, 5, 7, 8, 9], 'macs': 154445568, 'sha256': '0aa9d82bef91689cc3b4b76c97b385153e325887adf376d641f082358aabea0f'}"
5718,6000,0.953,0.15391087532043457,0.8853615520282186,0.8366666666666667,0.8603256212510711,0.9528038142824722,"[2854, 2864]",1809053259.3066669,2882,"{'name': 'accuracy_wide_clean_swa', 'views': 2, 'threshold': 0.975, 'classes': [1, 5, 7, 8, 9], 'macs': 154445568, 'sha256': '0aa9d82bef91689cc3b4b76c97b385153e325887adf376d641f082358aabea0f'}"
5718,6000,0.953,0.15284721553325653,0.8853615520282186,0.8366666666666667,0.8603256212510711,0.9528038142824722,"[2854, 2864]",1830810448.32,2841,"{'name': 'accuracy_wide_clean_swa', 'views': 2, 'threshold': 0.99, 'classes': [1, 5, 7, 8, 9], 'macs': 154445568, 'sha256': '0aa9d82bef91689cc3b4b76c97b385153e325887adf376d641f082358aabea0f'}"
5717,6000,0.9528333333333333,0.15185709297657013,0.8838028169014085,0.8366666666666667,0.8595890410958904,0.9526467414697372,"[2853, 2864]",1855751616.2133334,2794,"{'name': 'accuracy_wide_clean_swa', 'views': 2, 'threshold': 0.995, 'classes': [1, 5, 7, 8, 9], 'macs': 154445568, 'sha256': '0aa9d82bef91689cc3b4b76c97b385153e325887adf376d641f082358aabea0f'}"
5717,6000,0.9528333333333333,0.15215721726417542,0.8838028169014085,0.8366666666666667,0.8595890410958904,0.9526467414697372,"[2853, 2864]",1899265994.2400002,2712,"{'name': 'accuracy_wide_clean_swa', 'views': 2, 'threshold': 0.999, 'classes': [1, 5, 7, 8, 9], 'macs': 154445568, 'sha256': '0aa9d82bef91689cc3b4b76c97b385153e325887adf376d641f082358aabea0f'}"
5717,6000,0.9528333333333333,0.153594508767128,0.8838028169014085,0.8366666666666667,0.8595890410958904,0.9526467414697372,"[2853, 2864]",2703751324.5866666,1196,"{'name': 'accuracy_wide_clean_swa', 'views': 2, 'threshold': 0.9999, 'classes': [1, 5, 7, 8, 9], 'macs': 154445568, 'sha256': '0aa9d82bef91689cc3b4b76c97b385153e325887adf376d641f082358aabea0f'}"
5713,6000,0.9521666666666667,0.16701050102710724,0.8835978835978836,0.835,0.8586118251928021,0.9519586134400102,"[2851, 2862]",1694566903.3600001,2943,"{'name': 'accuracy_p2_clean_swa', 'views': 1, 'threshold': 0.9, 'classes': [1, 5, 7, 8, 9], 'macs': 72329664, 'sha256': '31e66eb705618c067df9d65c5a5cb991addbb4f567a7c5dbab408f87859d6227'}"
5713,6000,0.9521666666666667,0.16554701328277588,0.8838028169014085,0.8366666666666667,0.8595890410958904,0.9519714512639265,"[2852, 2861]",1705710829.44,2922,"{'name': 'accuracy_p2_clean_swa', 'views': 1, 'threshold': 0.95, 'classes': [1, 5, 7, 8, 9], 'macs': 72329664, 'sha256': '31e66eb705618c067df9d65c5a5cb991addbb4f567a7c5dbab408f87859d6227'}"
5714,6000,0.9523333333333334,0.16483530402183533,0.8838028169014085,0.8366666666666667,0.8595890410958904,0.9521379893171481,"[2852, 2862]",1723222713.28,2889,"{'name': 'accuracy_p2_clean_swa', 'views': 1, 'threshold': 0.975, 'classes': [1, 5, 7, 8, 9], 'macs': 72329664, 'sha256': '31e66eb705618c067df9d65c5a5cb991addbb4f567a7c5dbab408f87859d6227'}"
5715,6000,0.9525,0.16420039534568787,0.8838028169014085,0.8366666666666667,0.8595890410958904,0.9523085150738979,"[2852, 2863]",1735427965.6533332,2866,"{'name': 'accuracy_p2_clean_swa', 'views': 1, 'threshold': 0.99, 'classes': [1, 5, 7, 8, 9], 'macs': 72329664, 'sha256': '31e66eb705618c067df9d65c5a5cb991addbb4f567a7c5dbab408f87859d6227'}"
5715,6000,0.9525,0.16249583661556244,0.8838028169014085,0.8366666666666667,0.8595890410958904,0.9523085150738979,"[2853, 2862]",1754531838.9333334,2830,"{'name': 'accuracy_p2_clean_swa', 'views': 1, 'threshold': 0.995, 'classes': [1, 5, 7, 8, 9], 'macs': 72329664, 'sha256': '31e66eb705618c067df9d65c5a5cb991addbb4f567a7c5dbab408f87859d6227'}"
5716,6000,0.9526666666666667,0.1561589390039444,0.8838028169014085,0.8366666666666667,0.8595890410958904,0.9524802199023025,"[2853, 2863]",1827763353.1733334,2692,"{'name': 'accuracy_p2_clean_swa', 'views': 1, 'threshold': 0.999, 'classes': [1, 5, 7, 8, 9], 'macs': 72329664, 'sha256': '31e66eb705618c067df9d65c5a5cb991addbb4f567a7c5dbab408f87859d6227'}"
5717,6000,0.9528333333333333,0.15295259654521942,0.8838028169014085,0.8366666666666667,0.8595890410958904,0.9526467414697372,"[2853, 2864]",3256308544.0,0,"{'name': 'accuracy_p2_clean_swa', 'views': 1, 'threshold': 0.9999, 'classes': [1, 5, 7, 8, 9], 'macs': 72329664, 'sha256': '31e66eb705618c067df9d65c5a5cb991addbb4f567a7c5dbab408f87859d6227'}"
5716,6000,0.9526666666666667,0.16021642088890076,0.8838028169014085,0.8366666666666667,0.8595890410958904,0.9524792304822762,"[2853, 2863]",1775387177.7066667,2927,"{'name': 'accuracy_p2_clean_swa', 'views': 2, 'threshold': 0.9, 'classes': [1, 5, 7, 8, 9], 'macs': 144659328, 'sha256': '31e66eb705618c067df9d65c5a5cb991addbb4f567a7c5dbab408f87859d6227'}"
5717,6000,0.9528333333333333,0.15941521525382996,0.8838028169014085,0.8366666666666667,0.8595890410958904,0.9526467414697372,"[2853, 2864]",1787061766.9333334,2905,"{'name': 'accuracy_p2_clean_swa', 'views': 2, 'threshold': 0.95, 'classes': [1, 5, 7, 8, 9], 'macs': 144659328, 'sha256': '31e66eb705618c067df9d65c5a5cb991addbb4f567a7c5dbab408f87859d6227'}"
5717,6000,0.9528333333333333,0.15991686284542084,0.8838028169014085,0.8366666666666667,0.8595890410958904,0.9526467414697372,"[2853, 2864]",1802981661.333333,2875,"{'name': 'accuracy_p2_clean_swa', 'views': 2, 'threshold': 0.975, 'classes': [1, 5, 7, 8, 9], 'macs': 144659328, 'sha256': '31e66eb705618c067df9d65c5a5cb991addbb4f567a7c5dbab408f87859d6227'}"
5717,6000,0.9528333333333333,0.15894508361816406,0.8838028169014085,0.8366666666666667,0.8595890410958904,0.9526467414697372,"[2853, 2864]",1825269513.4933336,2833,"{'name': 'accuracy_p2_clean_swa', 'views': 2, 'threshold': 0.99, 'classes': [1, 5, 7, 8, 9], 'macs': 144659328, 'sha256': '31e66eb705618c067df9d65c5a5cb991addbb4f567a7c5dbab408f87859d6227'}"
5717,6000,0.9528333333333333,0.15876786410808563,0.8838028169014085,0.8366666666666667,0.8595890410958904,0.9526467414697372,"[2853, 2864]",1847026702.5066664,2792,"{'name': 'accuracy_p2_clean_swa', 'views': 2, 'threshold': 0.995, 'classes': [1, 5, 7, 8, 9], 'macs': 144659328, 'sha256': '31e66eb705618c067df9d65c5a5cb991addbb4f567a7c5dbab408f87859d6227'}"
5717,6000,0.9528333333333333,0.15467819571495056,0.8838028169014085,0.8366666666666667,0.8595890410958904,0.9526467414697372,"[2853, 2864]",1917074237.8666666,2660,"{'name': 'accuracy_p2_clean_swa', 'views': 2, 'threshold': 0.999, 'classes': [1, 5, 7, 8, 9], 'macs': 144659328, 'sha256': '31e66eb705618c067df9d65c5a5cb991addbb4f567a7c5dbab408f87859d6227'}"
5717,6000,0.9528333333333333,0.15295259654521942,0.8838028169014085,0.8366666666666667,0.8595890410958904,0.9526467414697372,"[2853, 2864]",3328638208.0,0,"{'name': 'accuracy_p2_clean_swa', 'views': 2, 'threshold': 0.9999, 'classes': [1, 5, 7, 8, 9], 'macs': 144659328, 'sha256': '31e66eb705618c067df9d65c5a5cb991addbb4f567a7c5dbab408f87859d6227'}"
5714,6000,0.9523333333333334,0.1561150699853897,0.8835978835978836,0.835,0.8586118251928021,0.952133229650723,"[2853, 2861]",1663935235.2,2910,"{'name': 'mixer_pruned_75', 'views': 1, 'threshold': 0.9, 'classes': [1, 5, 7, 8, 9], 'macs': 24186112, 'sha256': 'c0b7eafe5070b3985442bfdf729ab2955c7340a172dc5b817150cc02771d5f53'}"
5716,6000,0.9526666666666667,0.15572163462638855,0.8838028169014085,0.8366666666666667,0.8595890410958904,0.9524811595349197,"[2853, 2863]",1692060381.9733334,2857,"{'name': 'mixer_pruned_75', 'views': 1, 'threshold': 0.95, 'classes': [1, 5, 7, 8, 9], 'macs': 24186112, 'sha256': 'c0b7eafe5070b3985442bfdf729ab2955c7340a172dc5b817150cc02771d5f53'}"
5716,6000,0.9526666666666667,0.15603211522102356,0.8838028169014085,0.8366666666666667,0.8595890410958904,0.9524811595349197,"[2853, 2863]",1723900170.7733335,2797,"{'name': 'mixer_pruned_75', 'views': 1, 'threshold': 0.975, 'classes': [1, 5, 7, 8, 9], 'macs': 24186112, 'sha256': 'c0b7eafe5070b3985442bfdf729ab2955c7340a172dc5b817150cc02771d5f53'}"
5716,6000,0.9526666666666667,0.1540026217699051,0.8838028169014085,0.8366666666666667,0.8595890410958904,0.9524811595349197,"[2853, 2863]",1797662348.1599998,2658,"{'name': 'mixer_pruned_75', 'views': 1, 'threshold': 0.99, 'classes': [1, 5, 7, 8, 9], 'macs': 24186112, 'sha256': 'c0b7eafe5070b3985442bfdf729ab2955c7340a172dc5b817150cc02771d5f53'}"
5717,6000,0.9528333333333333,0.15249599516391754,0.8838028169014085,0.8366666666666667,0.8595890410958904,0.9526467414697372,"[2853, 2864]",2014172912.0,2250,"{'name': 'mixer_pruned_75', 'views': 1, 'threshold': 0.995, 'classes': [1, 5, 7, 8, 9], 'macs': 24186112, 'sha256': 'c0b7eafe5070b3985442bfdf729ab2955c7340a172dc5b817150cc02771d5f53'}"
5717,6000,0.9528333333333333,0.15295259654521942,0.8838028169014085,0.8366666666666667,0.8595890410958904,0.9526467414697372,"[2853, 2864]",3208164992.0,0,"{'name': 'mixer_pruned_75', 'views': 1, 'threshold': 0.999, 'classes': [1, 5, 7, 8, 9], 'macs': 24186112, 'sha256': 'c0b7eafe5070b3985442bfdf729ab2955c7340a172dc5b817150cc02771d5f53'}"
5717,6000,0.9528333333333333,0.15295259654521942,0.8838028169014085,0.8366666666666667,0.8595890410958904,0.9526467414697372,"[2853, 2864]",3208164992.0,0,"{'name': 'mixer_pruned_75', 'views': 1, 'threshold': 0.9999, 'classes': [1, 5, 7, 8, 9], 'macs': 24186112, 'sha256': 'c0b7eafe5070b3985442bfdf729ab2955c7340a172dc5b817150cc02771d5f53'}"
5717,6000,0.9528333333333333,0.15462729334831238,0.8838028169014085,0.8366666666666667,0.8595890410958904,0.9526476724970616,"[2853, 2864]",1700857262.72,2886,"{'name': 'mixer_pruned_75', 'views': 2, 'threshold': 0.9, 'classes': [1, 5, 7, 8, 9], 'macs': 48372224, 'sha256': 'c0b7eafe5070b3985442bfdf729ab2955c7340a172dc5b817150cc02771d5f53'}"
5716,6000,0.9526666666666667,0.1544780135154724,0.8838028169014085,0.8366666666666667,0.8595890410958904,0.9524811595349197,"[2853, 2863]",1726329093.76,2838,"{'name': 'mixer_pruned_75', 'views': 2, 'threshold': 0.95, 'classes': [1, 5, 7, 8, 9], 'macs': 48372224, 'sha256': 'c0b7eafe5070b3985442bfdf729ab2955c7340a172dc5b817150cc02771d5f53'}"
5717,6000,0.9528333333333333,0.15347737073898315,0.8838028169014085,0.8366666666666667,0.8595890410958904,0.9526467414697372,"[2853, 2864]",1771435461.2266667,2753,"{'name': 'mixer_pruned_75', 'views': 2, 'threshold': 0.975, 'classes': [1, 5, 7, 8, 9], 'macs': 48372224, 'sha256': 'c0b7eafe5070b3985442bfdf729ab2955c7340a172dc5b817150cc02771d5f53'}"
5717,6000,0.9528333333333333,0.15279661118984222,0.8838028169014085,0.8366666666666667,0.8595890410958904,0.9526467414697372,"[2853, 2864]",1852096259.52,2601,"{'name': 'mixer_pruned_75', 'views': 2, 'threshold': 0.99, 'classes': [1, 5, 7, 8, 9], 'macs': 48372224, 'sha256': 'c0b7eafe5070b3985442bfdf729ab2955c7340a172dc5b817150cc02771d5f53'}"
5717,6000,0.9528333333333333,0.15265069901943207,0.8838028169014085,0.8366666666666667,0.8595890410958904,0.9526467414697372,"[2853, 2864]",2090894675.52,2151,"{'name': 'mixer_pruned_75', 'views': 2, 'threshold': 0.995, 'classes': [1, 5, 7, 8, 9], 'macs': 48372224, 'sha256': 'c0b7eafe5070b3985442bfdf729ab2955c7340a172dc5b817150cc02771d5f53'}"
5717,6000,0.9528333333333333,0.15295259654521942,0.8838028169014085,0.8366666666666667,0.8595890410958904,0.9526467414697372,"[2853, 2864]",3232351104.0,0,"{'name': 'mixer_pruned_75', 'views': 2, 'threshold': 0.999, 'classes': [1, 5, 7, 8, 9], 'macs': 48372224, 'sha256': 'c0b7eafe5070b3985442bfdf729ab2955c7340a172dc5b817150cc02771d5f53'}"
5717,6000,0.9528333333333333,0.15295259654521942,0.8838028169014085,0.8366666666666667,0.8595890410958904,0.9526467414697372,"[2853, 2864]",3232351104.0,0,"{'name': 'mixer_pruned_75', 'views': 2, 'threshold': 0.9999, 'classes': [1, 5, 7, 8, 9], 'macs': 48372224, 'sha256': 'c0b7eafe5070b3985442bfdf729ab2955c7340a172dc5b817150cc02771d5f53'}"
