candidate_id,label,goal,correct,accuracy,shirt_f1,validation_half_correct,macs,parameters
0,class_routes:0.85:0.8:0.7,balanced,5715,0.9525,0.8588537211291702,"[2856, 2859]",365924187.8613335,3164836
1,class_routes:0.85:0.8:0.8,balanced,5716,0.9526666666666667,0.8588537211291702,"[2856, 2860]",371526840.0000002,3164836
2,class_routes:0.85:0.8:0.9,balanced,5717,0.9528333333333333,0.8588537211291702,"[2856, 2861]",376817626.8800002,3164836
3,class_routes:0.85:0.9:0.7,balanced,5716,0.9526666666666667,0.8598290598290599,"[2856, 2860]",388209065.89866686,3164836
4,class_routes:0.85:0.9:0.8,balanced,5717,0.9528333333333333,0.8598290598290599,"[2856, 2861]",393811718.0373335,3164836
5,class_routes:0.85:0.9:0.9,balanced,5718,0.953,0.8598290598290599,"[2856, 2862]",399102504.9173335,3164836
6,class_routes:0.85:0.95:0.7,balanced,5716,0.9526666666666667,0.8598290598290599,"[2856, 2860]",419190481.7066668,3164836
7,class_routes:0.85:0.95:0.8,balanced,5717,0.9528333333333333,0.8598290598290599,"[2856, 2861]",424793133.8453335,3164836
8,class_routes:0.85:0.95:0.9,balanced,5718,0.953,0.8598290598290599,"[2856, 2862]",430083920.7253335,3164836
9,class_routes:0.9:0.8:0.7,balanced,5714,0.9523333333333334,0.8583690987124464,"[2855, 2859]",427343485.86666685,3164836
10,class_routes:0.9:0.8:0.8,balanced,5715,0.9525,0.8583690987124464,"[2855, 2860]",432946138.0053335,3164836
11,class_routes:0.9:0.8:0.9,balanced,5716,0.9526666666666667,0.8583690987124464,"[2855, 2861]",438236924.8853335,3164836
12,class_routes:0.9:0.9:0.7,balanced,5715,0.9525,0.8593481989708405,"[2855, 2860]",449628363.90400016,3164836
13,class_routes:0.9:0.9:0.8,balanced,5716,0.9526666666666667,0.8593481989708405,"[2855, 2861]",455231016.04266685,3164836
14,class_routes:0.9:0.9:0.9,balanced,5717,0.9528333333333333,0.8593481989708405,"[2855, 2862]",460521802.92266685,3164836
15,class_routes:0.9:0.95:0.7,balanced,5715,0.9525,0.8593481989708405,"[2855, 2860]",480609779.7120002,3164836
16,class_routes:0.9:0.95:0.8,balanced,5716,0.9526666666666667,0.8593481989708405,"[2855, 2861]",486212431.8506668,3164836
17,class_routes:0.9:0.95:0.9,balanced,5717,0.9528333333333333,0.8593481989708405,"[2855, 2862]",491503218.7306668,3164836
18,class_routes:0.95:0.8:0.7,balanced,5716,0.9526666666666667,0.8600858369098713,"[2857, 2859]",574110431.2106668,3164836
19,class_routes:0.95:0.8:0.8,balanced,5717,0.9528333333333333,0.8600858369098713,"[2857, 2860]",579713083.3493335,3164836
20,class_routes:0.95:0.8:0.9,balanced,5718,0.953,0.8600858369098713,"[2857, 2861]",585003870.2293335,3164836
21,class_routes:0.95:0.9:0.7,balanced,5717,0.9528333333333333,0.8610634648370498,"[2857, 2860]",596395309.2480001,3164836
22,class_routes:0.95:0.9:0.8,balanced,5718,0.953,0.8610634648370498,"[2857, 2861]",601997961.3866668,3164836
23,class_routes:0.95:0.9:0.9,balanced,5719,0.9531666666666667,0.8610634648370498,"[2857, 2862]",607288748.2666668,3164836
24,class_routes:0.95:0.95:0.7,balanced,5717,0.9528333333333333,0.8610634648370498,"[2857, 2860]",627376725.0560002,3164836
25,class_routes:0.95:0.95:0.8,balanced,5718,0.953,0.8610634648370498,"[2857, 2861]",632979377.1946669,3164836
26,class_routes:0.95:0.95:0.9,balanced,5719,0.9531666666666667,0.8610634648370498,"[2857, 2862]",638270164.0746669,3164836
27,class_routes:0.975:0.8:0.7,balanced,5717,0.9528333333333333,0.8600858369098713,"[2857, 2860]",1004045517.2480004,3164836
28,class_routes:0.975:0.8:0.8,balanced,5718,0.953,0.8600858369098713,"[2857, 2861]",1009648169.386667,3164836
29,class_routes:0.975:0.8:0.9,balanced,5719,0.9531666666666667,0.8600858369098713,"[2857, 2862]",1014938956.266667,3164836
30,class_routes:0.975:0.9:0.7,balanced,5718,0.953,0.8610634648370498,"[2857, 2861]",1026330395.2853333,3164836
31,class_routes:0.975:0.9:0.8,balanced,5719,0.9531666666666667,0.8610634648370498,"[2857, 2862]",1031933047.424,3164836
32,class_routes:0.975:0.9:0.9,balanced,5720,0.9533333333333334,0.8610634648370498,"[2857, 2863]",1037223834.304,3164836
33,class_routes:0.975:0.95:0.7,balanced,5718,0.953,0.8610634648370498,"[2857, 2861]",1057311811.0933334,3164836
34,class_routes:0.975:0.95:0.8,balanced,5719,0.9531666666666667,0.8610634648370498,"[2857, 2862]",1062914463.232,3164836
35,class_routes:0.975:0.95:0.9,balanced,5720,0.9533333333333334,0.8610634648370498,"[2857, 2863]",1068205250.112,3164836
