family,fold,views,seed,correct,examples,accuracy,macro_f1,shirt_f1,loss,parameters,macs,seconds,train_examples,mean,std,split_sha256,initialization_sha256,checkpoint_sha256,checkpoint,checkpoint_selection,epoch
adamw,1,1,58561440,18566,20000,0.9283,0.928046477072607,0.8001017293997965,0.24799387156963348,478640,29003008,148.69763665646315,40000,0.2859378159046173,0.3528381884098053,d0c6a1852184f60d5fe4360de90660cc69079c51ec7edc8bc9920c82c7fac8f3,27e1419b8137eaaae793e8fefdfda00c959f0d701756840820501b55704ae61c,3f8aaedee0b8e31a2820a298114936cbc69fb33b7dcc1a7981aa838e2b6435d8,results/cross_validation/cv_adamw_fold1.pt,fixed_last_epoch,120
adamw,1,10,58561440,18682,20000,0.9341,0.9338704009771899,0.8176260825267447,0.21981357038021088,478640,290030080,148.69763665646315,40000,0.2859378159046173,0.3528381884098053,d0c6a1852184f60d5fe4360de90660cc69079c51ec7edc8bc9920c82c7fac8f3,27e1419b8137eaaae793e8fefdfda00c959f0d701756840820501b55704ae61c,3f8aaedee0b8e31a2820a298114936cbc69fb33b7dcc1a7981aa838e2b6435d8,results/cross_validation/cv_adamw_fold1.pt,fixed_last_epoch,120
muon,1,1,58561440,18591,20000,0.92955,0.9294068219232926,0.8052340211373931,0.2529960572719574,478640,29003008,266.0300313308835,40000,0.2859378159046173,0.3528381884098053,d0c6a1852184f60d5fe4360de90660cc69079c51ec7edc8bc9920c82c7fac8f3,27e1419b8137eaaae793e8fefdfda00c959f0d701756840820501b55704ae61c,9fbe0c4fe4e447f02d69a6e40f1933ad79c5cb1b3b40047a2d977523c2a9ca51,results/cross_validation/cv_muon_fold1.pt,fixed_last_epoch,120
muon,1,10,58561440,18725,20000,0.93625,0.9361087166890846,0.8233812043335853,0.2169259935617447,478640,290030080,266.0300313308835,40000,0.2859378159046173,0.3528381884098053,d0c6a1852184f60d5fe4360de90660cc69079c51ec7edc8bc9920c82c7fac8f3,27e1419b8137eaaae793e8fefdfda00c959f0d701756840820501b55704ae61c,9fbe0c4fe4e447f02d69a6e40f1933ad79c5cb1b3b40047a2d977523c2a9ca51,results/cross_validation/cv_muon_fold1.pt,fixed_last_epoch,120
adamw,2,1,58561440,18583,20000,0.92915,0.9288765818749548,0.8059319867041678,0.24757759273052216,478640,29003008,151.62384194508195,40000,0.28593170642852783,0.353151798248291,b9f58562cf419dd816c7554de245c114b2c866951ac81ce16753972b2c8cefd4,27e1419b8137eaaae793e8fefdfda00c959f0d701756840820501b55704ae61c,fea43f9694504e8d5573c1541cd62f08180a5eb09c81e4aec53d1d5d70ffc19c,results/cross_validation/cv_adamw_fold2.pt,fixed_last_epoch,120
adamw,2,10,58561440,18728,20000,0.9364,0.9361073674225585,0.8219531048698789,0.2210274487733841,478640,290030080,151.62384194508195,40000,0.28593170642852783,0.353151798248291,b9f58562cf419dd816c7554de245c114b2c866951ac81ce16753972b2c8cefd4,27e1419b8137eaaae793e8fefdfda00c959f0d701756840820501b55704ae61c,fea43f9694504e8d5573c1541cd62f08180a5eb09c81e4aec53d1d5d70ffc19c,results/cross_validation/cv_adamw_fold2.pt,fixed_last_epoch,120
muon,2,1,58561440,18629,20000,0.93145,0.9314062985002665,0.8054658385093167,0.24777553975582123,478640,29003008,267.16121095232666,40000,0.28593170642852783,0.353151798248291,b9f58562cf419dd816c7554de245c114b2c866951ac81ce16753972b2c8cefd4,27e1419b8137eaaae793e8fefdfda00c959f0d701756840820501b55704ae61c,34976ed11c638c99335b00a2894379d3c5abba822888b47726bb77e310500c2a,results/cross_validation/cv_muon_fold2.pt,fixed_last_epoch,120
muon,2,10,58561440,18796,20000,0.9398,0.939684953986246,0.8251818409831954,0.21521137654781342,478640,290030080,267.16121095232666,40000,0.28593170642852783,0.353151798248291,b9f58562cf419dd816c7554de245c114b2c866951ac81ce16753972b2c8cefd4,27e1419b8137eaaae793e8fefdfda00c959f0d701756840820501b55704ae61c,34976ed11c638c99335b00a2894379d3c5abba822888b47726bb77e310500c2a,results/cross_validation/cv_muon_fold2.pt,fixed_last_epoch,120
adamw,3,1,58561440,18543,20000,0.92715,0.9270830492335342,0.7939121756487026,0.24722470343112946,478640,29003008,154.0923772919923,40000,0.28625229001045227,0.3530825972557068,7681d277ed0b1c5eb456f8420a5ffab50c962e7e6c073eb2450beeac8fe75d72,27e1419b8137eaaae793e8fefdfda00c959f0d701756840820501b55704ae61c,f15bcfa9ad727f1836041dc726c75b5a09150a7c499676ae4aec0f9106399380,results/cross_validation/cv_adamw_fold3.pt,fixed_last_epoch,120
adamw,3,10,58561440,18741,20000,0.93705,0.9369277983438788,0.8150753768844221,0.21982817351818085,478640,290030080,154.0923772919923,40000,0.28625229001045227,0.3530825972557068,7681d277ed0b1c5eb456f8420a5ffab50c962e7e6c073eb2450beeac8fe75d72,27e1419b8137eaaae793e8fefdfda00c959f0d701756840820501b55704ae61c,f15bcfa9ad727f1836041dc726c75b5a09150a7c499676ae4aec0f9106399380,results/cross_validation/cv_adamw_fold3.pt,fixed_last_epoch,120
muon,3,1,58561440,18630,20000,0.9315,0.9314723611357124,0.8107169436864302,0.25097858905792236,478640,29003008,265.06052348203957,40000,0.28625229001045227,0.3530825972557068,7681d277ed0b1c5eb456f8420a5ffab50c962e7e6c073eb2450beeac8fe75d72,27e1419b8137eaaae793e8fefdfda00c959f0d701756840820501b55704ae61c,b15837956fd3b971a359f89ce379e3da8c0be182f9bd3017e80ec34b843b783e,results/cross_validation/cv_muon_fold3.pt,fixed_last_epoch,120
muon,3,10,58561440,18735,20000,0.93675,0.9367104868068374,0.8199900546991546,0.21469257771968842,478640,290030080,265.06052348203957,40000,0.28625229001045227,0.3530825972557068,7681d277ed0b1c5eb456f8420a5ffab50c962e7e6c073eb2450beeac8fe75d72,27e1419b8137eaaae793e8fefdfda00c959f0d701756840820501b55704ae61c,b15837956fd3b971a359f89ce379e3da8c0be182f9bd3017e80ec34b843b783e,results/cross_validation/cv_muon_fold3.pt,fixed_last_epoch,120
