candidate_id,label,accuracy,correct,shirt_recall,shirt_f1,macs,parameters,validation_half_correct
0,legacy_dual_10,0.9491666666666667,5695,0.8416666666666667,0.8466051969823973,580060160.0,957280,"[2845, 2850]"
1,current_cascade,0.9535,5721,0.8366666666666667,0.8610634648370498,1698398697.0666666,2207556,"[2857, 2864]"
2,current_reduced_2_1_4,0.9498333333333333,5699,0.8383333333333334,0.8568994889267462,323519680.0,2207556,"[2847, 2852]"
3,legacy_clean:1,0.9406666666666667,5644,0.825,0.8215767634854771,29003008.0,478640,"[2826, 2818]"
4,legacy_clean:1->legacy_dual_10:0.8:10,0.947,5682,0.8366666666666667,0.8401673640167364,73474286.93333334,957280,"[2841, 2841]"
5,legacy_clean:1->legacy_dual_10:0.8:5,0.9485,5691,0.8416666666666667,0.8466051969823973,324640336.2133333,957280,"[2845, 2846]"
6,legacy_clean:1->legacy_dual_10:0.9:10,0.949,5694,0.8416666666666667,0.8444816053511706,96386663.25333333,957280,"[2844, 2850]"
7,legacy_clean:1->legacy_dual_10:0.9:5,0.9493333333333334,5696,0.8416666666666667,0.8466051969823973,328217373.8666667,957280,"[2846, 2850]"
8,legacy_clean:1->legacy_dual_10:0.95:10,0.9488333333333333,5693,0.8416666666666667,0.8451882845188284,124616257.70666666,957280,"[2844, 2849]"
9,legacy_clean:1->legacy_dual_10:0.95:5,0.9491666666666667,5695,0.8416666666666667,0.8466051969823973,333341238.61333334,957280,"[2845, 2850]"
10,legacy_clean:1->legacy_dual_10:0.975:10,0.949,5694,0.8416666666666667,0.8466051969823973,163963671.89333335,957280,"[2844, 2850]"
11,legacy_clean:1->legacy_dual_10:0.975:5,0.9491666666666667,5695,0.8416666666666667,0.8466051969823973,342138817.70666665,957280,"[2845, 2850]"
12,legacy_clean:1->legacy_dual_10:0.99:10,0.9491666666666667,5695,0.8416666666666667,0.8466051969823973,379649374.72,957280,"[2845, 2850]"
13,legacy_clean:1->legacy_dual_10:0.99:5,0.9491666666666667,5695,0.8416666666666667,0.8466051969823973,427794368.0,957280,"[2845, 2850]"
14,legacy_clean:1->legacy_dual_10:0.995:10,0.9491666666666667,5695,0.8416666666666667,0.8466051969823973,607226310.8266667,957280,"[2845, 2850]"
15,legacy_clean:1->legacy_dual_10:0.995:5,0.9491666666666667,5695,0.8416666666666667,0.8466051969823973,609063168.0,957280,"[2845, 2850]"
16,legacy_clean:1->current_cascade:0.8:10,0.9501666666666667,5701,0.835,0.8513169073916738,261516585.06666666,2686196,"[2850, 2851]"
17,legacy_clean:1->current_cascade:0.8:5,0.9533333333333334,5720,0.8366666666666667,0.8610634648370498,1672555579.2853334,2686196,"[2857, 2863]"
18,legacy_clean:1->current_cascade:0.9:10,0.9523333333333334,5714,0.835,0.8564102564102564,375475482.688,2686196,"[2857, 2857]"
19,legacy_clean:1->current_cascade:0.9:5,0.9536666666666667,5722,0.8366666666666667,0.8610634648370498,1678338417.92,2686196,"[2858, 2864]"
20,legacy_clean:1->current_cascade:0.95:10,0.9525,5715,0.8366666666666667,0.8588537211291702,508715465.9626667,2686196,"[2856, 2859]"
21,legacy_clean:1->current_cascade:0.95:5,0.9536666666666667,5722,0.8366666666666667,0.8610634648370498,1682204531.392,2686196,"[2858, 2864]"
22,legacy_clean:1->current_cascade:0.975:10,0.9528333333333333,5717,0.8366666666666667,0.8610634648370498,686419267.4773333,2686196,"[2856, 2861]"
23,legacy_clean:1->current_cascade:0.975:5,0.9535,5721,0.8366666666666667,0.8610634648370498,1688151711.936,2686196,"[2857, 2864]"
24,legacy_clean:1->current_cascade:0.99:10,0.9535,5721,0.8366666666666667,0.8610634648370498,1432589846.9546666,2686196,"[2857, 2864]"
25,legacy_clean:1->current_cascade:0.99:5,0.9535,5721,0.8366666666666667,0.8610634648370498,1703269585.0666666,2686196,"[2857, 2864]"
26,legacy_clean:1->current_cascade:0.995:10,0.9535,5721,0.8366666666666667,0.8610634648370498,1717074566.464,2686196,"[2857, 2864]"
27,legacy_clean:1->current_cascade:0.995:5,0.9535,5721,0.8366666666666667,0.8610634648370498,1727401705.0666666,2686196,"[2857, 2864]"
28,legacy_clean:1->current_reduced_2_1_4:0.8:10,0.9483333333333334,5690,0.8366666666666667,0.8494077834179357,53806183.46666667,2686196,"[2846, 2844]"
29,legacy_clean:1->current_reduced_2_1_4:0.8:5,0.9495,5697,0.8383333333333334,0.8568994889267462,193890204.90666667,2686196,"[2846, 2851]"
30,legacy_clean:1->current_reduced_2_1_4:0.9:10,0.9496666666666667,5698,0.8383333333333334,0.8532654792196777,66585210.82666667,2686196,"[2850, 2848]"
31,legacy_clean:1->current_reduced_2_1_4:0.9:5,0.9498333333333333,5699,0.8383333333333334,0.8568994889267462,195885242.93333334,2686196,"[2847, 2852]"
32,legacy_clean:1->current_reduced_2_1_4:0.95:10,0.9493333333333334,5696,0.8383333333333334,0.8561702127659574,82329835.25333333,2686196,"[2848, 2848]"
33,legacy_clean:1->current_reduced_2_1_4:0.95:5,0.9498333333333333,5699,0.8383333333333334,0.8568994889267462,198743000.10666665,2686196,"[2847, 2852]"
34,legacy_clean:1->current_reduced_2_1_4:0.975:10,0.9495,5697,0.8383333333333334,0.8568994889267462,104275253.54666667,2686196,"[2847, 2850]"
35,legacy_clean:1->current_reduced_2_1_4:0.975:5,0.9498333333333333,5699,0.8383333333333334,0.8568994889267462,203649715.25333333,2686196,"[2847, 2852]"
36,legacy_clean:1->current_reduced_2_1_4:0.99:10,0.9498333333333333,5699,0.8383333333333334,0.8568994889267462,224570654.56,2686196,"[2847, 2852]"
37,legacy_clean:1->current_reduced_2_1_4:0.99:5,0.9498333333333333,5699,0.8383333333333334,0.8568994889267462,251422788.0,2686196,"[2847, 2852]"
38,legacy_clean:1->current_reduced_2_1_4:0.995:10,0.9498333333333333,5699,0.8383333333333334,0.8568994889267462,351498209.0133333,2686196,"[2847, 2852]"
39,legacy_clean:1->current_reduced_2_1_4:0.995:5,0.9498333333333333,5699,0.8383333333333334,0.8568994889267462,352522688.0,2686196,"[2847, 2852]"
40,blend:legacy_clean:1:0.25,0.9483333333333334,5690,0.8316666666666667,0.8508098891730606,352522688.0,2686196,"[2843, 2847]"
41,blend:legacy_clean:1:0.5,0.9453333333333334,5672,0.835,0.8420168067226891,352522688.0,2686196,"[2840, 2832]"
42,blend:legacy_clean:1:0.75,0.9448333333333333,5669,0.83,0.8327759197324415,352522688.0,2686196,"[2839, 2830]"
43,legacy_clean:2,0.9428333333333333,5657,0.83,0.827930174563591,58006016.0,478640,"[2829, 2828]"
44,legacy_clean:2->legacy_dual_10:0.8:10,0.9483333333333334,5690,0.8416666666666667,0.8451882845188284,103830768.64,957280,"[2844, 2846]"
45,legacy_clean:2->legacy_dual_10:0.8:5,0.9488333333333333,5693,0.8416666666666667,0.8466051969823973,354223404.37333333,957280,"[2846, 2847]"
46,legacy_clean:2->legacy_dual_10:0.9:10,0.9493333333333334,5696,0.8416666666666667,0.8458961474036851,128773355.52,957280,"[2844, 2852]"
47,legacy_clean:2->legacy_dual_10:0.9:5,0.9493333333333334,5696,0.8416666666666667,0.8466051969823973,358090472.1066667,957280,"[2846, 2850]"
48,legacy_clean:2->legacy_dual_10:0.95:10,0.949,5694,0.8416666666666667,0.8466051969823973,157196303.36,957280,"[2844, 2850]"
49,legacy_clean:2->legacy_dual_10:0.95:5,0.9491666666666667,5695,0.8416666666666667,0.8466051969823973,363697720.32,957280,"[2845, 2850]"
50,legacy_clean:2->legacy_dual_10:0.975:10,0.9491666666666667,5695,0.8416666666666667,0.8466051969823973,197413807.78666666,957280,"[2845, 2850]"
51,legacy_clean:2->legacy_dual_10:0.975:5,0.9491666666666667,5695,0.8416666666666667,0.8466051969823973,372785329.49333334,957280,"[2845, 2850]"
52,legacy_clean:2->legacy_dual_10:0.99:10,0.9491666666666667,5695,0.8416666666666667,0.8466051969823973,417256608.4266667,957280,"[2845, 2850]"
53,legacy_clean:2->legacy_dual_10:0.99:5,0.9491666666666667,5695,0.8416666666666667,0.8466051969823973,466465045.3333333,957280,"[2845, 2850]"
54,legacy_clean:2->legacy_dual_10:0.995:10,0.9491666666666667,5695,0.8416666666666667,0.8466051969823973,636519348.9066666,957280,"[2845, 2850]"
55,legacy_clean:2->legacy_dual_10:0.995:5,0.9491666666666667,5695,0.8416666666666667,0.8466051969823973,638066176.0,957280,"[2845, 2850]"
56,legacy_clean:2->current_cascade:0.8:10,0.9501666666666667,5701,0.8366666666666667,0.8530161427357689,295475747.88266665,2686196,"[2855, 2846]"
57,legacy_clean:2->current_cascade:0.8:5,0.9531666666666667,5719,0.8366666666666667,0.8610634648370498,1702697136.3626666,2686196,"[2858, 2861]"
58,legacy_clean:2->current_cascade:0.9:10,0.9523333333333334,5714,0.8333333333333334,0.8561643835616438,420318188.18133336,2686196,"[2856, 2858]"
59,legacy_clean:2->current_cascade:0.9:5,0.9536666666666667,5722,0.8366666666666667,0.8610634648370498,1709049249.536,2686196,"[2858, 2864]"
60,legacy_clean:2->current_cascade:0.95:10,0.9528333333333333,5717,0.835,0.8593481989708405,553053249.2373333,2686196,"[2856, 2861]"
61,legacy_clean:2->current_cascade:0.95:5,0.9536666666666667,5722,0.8366666666666667,0.8610634648370498,1714041041.6213334,2686196,"[2858, 2864]"
62,legacy_clean:2->current_cascade:0.975:10,0.9531666666666667,5719,0.8366666666666667,0.8610634648370498,732995537.5146667,2686196,"[2857, 2862]"
63,legacy_clean:2->current_cascade:0.975:5,0.9535,5721,0.8366666666666667,0.8610634648370498,1718965507.264,2686196,"[2857, 2864]"
64,legacy_clean:2->current_cascade:0.99:10,0.9535,5721,0.8366666666666667,0.8610634648370498,1456901031.6373334,2686196,"[2857, 2864]"
65,legacy_clean:2->current_cascade:0.99:5,0.9535,5721,0.8366666666666667,0.8610634648370498,1733559639.4666667,2686196,"[2857, 2864]"
66,legacy_clean:2->current_cascade:0.995:10,0.9535,5721,0.8366666666666667,0.8610634648370498,1747708175.296,2686196,"[2857, 2864]"
67,legacy_clean:2->current_cascade:0.995:5,0.9535,5721,0.8366666666666667,0.8610634648370498,1756404713.0666666,2686196,"[2857, 2864]"
68,legacy_clean:2->current_reduced_2_1_4:0.8:10,0.9483333333333334,5690,0.8383333333333334,0.8510998307952623,83564070.72,2686196,"[2849, 2841]"
69,legacy_clean:2->current_reduced_2_1_4:0.8:5,0.9495,5697,0.8383333333333334,0.8568994889267462,223216732.58666667,2686196,"[2847, 2850]"
70,legacy_clean:2->current_reduced_2_1_4:0.9:10,0.9496666666666667,5698,0.8366666666666667,0.854468085106383,97475416.96,2686196,"[2849, 2849]"
71,legacy_clean:2->current_reduced_2_1_4:0.9:5,0.9498333333333333,5699,0.8383333333333334,0.8568994889267462,225373530.45333335,2686196,"[2847, 2852]"
72,legacy_clean:2->current_reduced_2_1_4:0.95:10,0.9498333333333333,5699,0.8383333333333334,0.8576300085251491,113327881.28,2686196,"[2848, 2851]"
73,legacy_clean:2->current_reduced_2_1_4:0.95:5,0.9498333333333333,5699,0.8383333333333334,0.8568994889267462,228500887.36,2686196,"[2847, 2852]"
74,legacy_clean:2->current_reduced_2_1_4:0.975:10,0.9498333333333333,5699,0.8383333333333334,0.8568994889267462,135758579.09333333,2686196,"[2848, 2851]"
75,legacy_clean:2->current_reduced_2_1_4:0.975:5,0.9498333333333333,5699,0.8383333333333334,0.8568994889267462,233569362.34666666,2686196,"[2847, 2852]"
76,legacy_clean:2->current_reduced_2_1_4:0.99:10,0.9498333333333333,5699,0.8383333333333334,0.8568994889267462,258372537.81333333,2686196,"[2847, 2852]"
77,legacy_clean:2->current_reduced_2_1_4:0.99:5,0.9498333333333333,5699,0.8383333333333334,0.8568994889267462,285817790.6666667,2686196,"[2847, 2852]"
78,legacy_clean:2->current_reduced_2_1_4:0.995:10,0.9498333333333333,5699,0.8383333333333334,0.8568994889267462,380662976.85333335,2686196,"[2847, 2852]"
79,legacy_clean:2->current_reduced_2_1_4:0.995:5,0.9498333333333333,5699,0.8383333333333334,0.8568994889267462,381525696.0,2686196,"[2847, 2852]"
80,blend:legacy_clean:2:0.25,0.9485,5691,0.835,0.8513169073916738,381525696.0,2686196,"[2845, 2846]"
81,blend:legacy_clean:2:0.5,0.9461666666666667,5677,0.8333333333333334,0.8424599831508003,381525696.0,2686196,"[2837, 2840]"
82,blend:legacy_clean:2:0.75,0.9448333333333333,5669,0.83,0.8348700754400671,381525696.0,2686196,"[2833, 2836]"
83,legacy_clean:10,0.9466666666666667,5680,0.8283333333333334,0.839527027027027,290030080.0,478640,"[2843, 2837]"
84,legacy_clean:10->legacy_dual_10:0.8:10,0.9493333333333334,5696,0.8416666666666667,0.8466051969823973,347166005.76,957280,"[2845, 2851]"
85,legacy_clean:10->legacy_dual_10:0.8:5,0.9491666666666667,5695,0.8416666666666667,0.8466051969823973,587407588.6933334,957280,"[2845, 2850]"
86,legacy_clean:10->legacy_dual_10:0.9:10,0.9491666666666667,5695,0.8416666666666667,0.8466051969823973,378005870.93333334,957280,"[2845, 2850]"
87,legacy_clean:10->legacy_dual_10:0.9:5,0.9491666666666667,5695,0.8416666666666667,0.8466051969823973,593208190.2933333,957280,"[2845, 2850]"
88,legacy_clean:10->legacy_dual_10:0.95:10,0.9491666666666667,5695,0.8416666666666667,0.8466051969823973,408459029.3333333,957280,"[2845, 2850]"
89,legacy_clean:10->legacy_dual_10:0.95:5,0.9491666666666667,5695,0.8416666666666667,0.8466051969823973,599298821.9733334,957280,"[2845, 2850]"
90,legacy_clean:10->legacy_dual_10:0.975:10,0.9491666666666667,5695,0.8416666666666667,0.8466051969823973,451576834.56,957280,"[2845, 2850]"
91,legacy_clean:10->legacy_dual_10:0.975:5,0.9491666666666667,5695,0.8416666666666667,0.8466051969823973,608193077.76,957280,"[2845, 2850]"
92,legacy_clean:10->legacy_dual_10:0.99:10,0.9491666666666667,5695,0.8416666666666667,0.8466051969823973,670162838.1866666,957280,"[2845, 2850]"
93,legacy_clean:10->legacy_dual_10:0.99:5,0.9491666666666667,5695,0.8416666666666667,0.8466051969823973,702549530.4533334,957280,"[2845, 2850]"
94,legacy_clean:10->legacy_dual_10:0.995:10,0.9491666666666667,5695,0.8416666666666667,0.8466051969823973,869413503.1466666,957280,"[2845, 2850]"
95,legacy_clean:10->legacy_dual_10:0.995:5,0.9491666666666667,5695,0.8416666666666667,0.8466051969823973,870090240.0,957280,"[2845, 2850]"
96,legacy_clean:10->current_cascade:0.8:10,0.9525,5715,0.835,0.8586118251928021,587909265.4506667,2686196,"[2856, 2859]"
97,legacy_clean:10->current_cascade:0.8:5,0.9536666666666667,5722,0.8366666666666667,0.8610634648370498,1938590287.9573333,2686196,"[2857, 2865]"
98,legacy_clean:10->current_cascade:0.9:10,0.9528333333333333,5717,0.835,0.8600858369098713,735293993.0666667,2686196,"[2857, 2860]"
99,legacy_clean:10->current_cascade:0.9:5,0.9535,5721,0.8366666666666667,0.8610634648370498,1945199810.4106667,2686196,"[2857, 2864]"
100,legacy_clean:10->current_cascade:0.95:10,0.9533333333333334,5720,0.8366666666666667,0.8610634648370498,875197954.7733333,2686196,"[2857, 2863]"
101,legacy_clean:10->current_cascade:0.95:5,0.9535,5721,0.8366666666666667,0.8610634648370498,1948133302.2293334,2686196,"[2857, 2864]"
102,legacy_clean:10->current_cascade:0.975:10,0.9535,5721,0.8366666666666667,0.8610634648370498,1071446251.3706666,2686196,"[2857, 2864]"
103,legacy_clean:10->current_cascade:0.975:5,0.9535,5721,0.8366666666666667,0.8610634648370498,1951970700.6506667,2686196,"[2857, 2864]"
104,legacy_clean:10->current_cascade:0.99:10,0.9535,5721,0.8366666666666667,0.8610634648370498,1784040503.3813334,2686196,"[2857, 2864]"
105,legacy_clean:10->current_cascade:0.99:5,0.9535,5721,0.8366666666666667,0.8610634648370498,1966124262.9546666,2686196,"[2857, 2864]"
106,legacy_clean:10->current_cascade:0.995:10,0.9535,5721,0.8366666666666667,0.8610634648370498,1984624041.792,2686196,"[2857, 2864]"
107,legacy_clean:10->current_cascade:0.995:5,0.9535,5721,0.8366666666666667,0.8610634648370498,1988428777.0666666,2686196,"[2857, 2864]"
108,legacy_clean:10->current_reduced_2_1_4:0.8:10,0.949,5694,0.8366666666666667,0.854468085106383,321896768.48,2686196,"[2848, 2846]"
109,legacy_clean:10->current_reduced_2_1_4:0.8:5,0.9498333333333333,5699,0.8383333333333334,0.8568994889267462,455887835.94666666,2686196,"[2847, 2852]"
110,legacy_clean:10->current_reduced_2_1_4:0.9:10,0.9498333333333333,5699,0.8366666666666667,0.856655290102389,339097231.46666664,2686196,"[2849, 2850]"
111,legacy_clean:10->current_reduced_2_1_4:0.9:5,0.9498333333333333,5699,0.8383333333333334,0.8568994889267462,459123032.74666667,2686196,"[2847, 2852]"
112,legacy_clean:10->current_reduced_2_1_4:0.95:10,0.9496666666666667,5698,0.8383333333333334,0.8568994889267462,356082014.6666667,2686196,"[2847, 2851]"
113,legacy_clean:10->current_reduced_2_1_4:0.95:5,0.9498333333333333,5699,0.8383333333333334,0.8568994889267462,462519989.38666666,2686196,"[2847, 2852]"
114,legacy_clean:10->current_reduced_2_1_4:0.975:10,0.9498333333333333,5699,0.8383333333333334,0.8568994889267462,380130310.88,2686196,"[2847, 2852]"
115,legacy_clean:10->current_reduced_2_1_4:0.975:5,0.9498333333333333,5699,0.8383333333333334,0.8568994889267462,467480624.48,2686196,"[2847, 2852]"
116,legacy_clean:10->current_reduced_2_1_4:0.99:10,0.9498333333333333,5699,0.8383333333333334,0.8568994889267462,502043310.29333335,2686196,"[2847, 2852]"
117,legacy_clean:10->current_reduced_2_1_4:0.99:5,0.9498333333333333,5699,0.8383333333333334,0.8568994889267462,520106492.4266667,2686196,"[2847, 2852]"
118,legacy_clean:10->current_reduced_2_1_4:0.995:10,0.9498333333333333,5699,0.8383333333333334,0.8568994889267462,613172320.3733333,2686196,"[2847, 2852]"
119,legacy_clean:10->current_reduced_2_1_4:0.995:5,0.9498333333333333,5699,0.8383333333333334,0.8568994889267462,613549760.0,2686196,"[2847, 2852]"
120,legacy_muon:1,0.9405,5643,0.825,0.8236272878535774,29003008.0,478640,"[2817, 2826]"
121,legacy_muon:1->legacy_dual_10:0.8:10,0.947,5682,0.8283333333333334,0.8374052232518955,73087580.16,957280,"[2841, 2841]"
122,legacy_muon:1->legacy_dual_10:0.8:5,0.949,5694,0.8416666666666667,0.8466051969823973,323866922.6666667,957280,"[2845, 2849]"
123,legacy_muon:1->legacy_dual_10:0.9:10,0.9483333333333334,5690,0.8383333333333334,0.8432523051131601,106151009.28,957280,"[2841, 2849]"
124,legacy_muon:1->legacy_dual_10:0.9:5,0.9491666666666667,5695,0.8416666666666667,0.8466051969823973,328507403.94666666,957280,"[2844, 2851]"
125,legacy_muon:1->legacy_dual_10:0.95:10,0.9493333333333334,5696,0.8416666666666667,0.8466051969823973,193063356.58666667,957280,"[2845, 2851]"
126,legacy_muon:1->legacy_dual_10:0.95:5,0.9493333333333334,5696,0.8416666666666667,0.8466051969823973,349292893.0133333,957280,"[2845, 2851]"
127,legacy_muon:1->legacy_dual_10:0.975:10,0.9491666666666667,5695,0.8416666666666667,0.8466051969823973,597075258.0266666,957280,"[2845, 2850]"
128,legacy_muon:1->legacy_dual_10:0.975:5,0.9491666666666667,5695,0.8416666666666667,0.8466051969823973,608773137.92,957280,"[2845, 2850]"
129,legacy_muon:1->legacy_dual_10:0.99:10,0.9491666666666667,5695,0.8416666666666667,0.8466051969823973,608773137.92,957280,"[2845, 2850]"
130,legacy_muon:1->legacy_dual_10:0.99:5,0.9491666666666667,5695,0.8416666666666667,0.8466051969823973,609063168.0,957280,"[2845, 2850]"
131,legacy_muon:1->legacy_dual_10:0.995:10,0.9491666666666667,5695,0.8416666666666667,0.8466051969823973,609063168.0,957280,"[2845, 2850]"
132,legacy_muon:1->legacy_dual_10:0.995:5,0.9491666666666667,5695,0.8416666666666667,0.8466051969823973,609063168.0,957280,"[2845, 2850]"
133,legacy_muon:1->current_cascade:0.8:10,0.9506666666666667,5704,0.835,0.8484335309060118,258811787.47733334,2686196,"[2846, 2858]"
134,legacy_muon:1->current_cascade:0.8:5,0.9538333333333333,5723,0.8366666666666667,0.8610634648370498,1668207310.4,2686196,"[2855, 2868]"
135,legacy_muon:1->current_cascade:0.9:10,0.9516666666666667,5710,0.8333333333333334,0.8554319931565441,427188398.4853333,2686196,"[2850, 2860]"
136,legacy_muon:1->current_cascade:0.9:5,0.9535,5721,0.8366666666666667,0.8610634648370498,1676785039.872,2686196,"[2855, 2866]"
137,legacy_muon:1->current_cascade:0.95:10,0.9533333333333334,5720,0.8383333333333334,0.8627787307032591,813407127.168,2686196,"[2856, 2864]"
138,legacy_muon:1->current_cascade:0.95:5,0.9535,5721,0.8366666666666667,0.8610634648370498,1691757442.0053334,2686196,"[2856, 2865]"
139,legacy_muon:1->current_cascade:0.975:10,0.9533333333333334,5720,0.8366666666666667,0.8610634648370498,1661595526.784,2686196,"[2857, 2863]"
140,legacy_muon:1->current_cascade:0.975:5,0.9535,5721,0.8366666666666667,0.8610634648370498,1727363093.6746666,2686196,"[2857, 2864]"
141,legacy_muon:1->current_cascade:0.99:10,0.9535,5721,0.8366666666666667,0.8610634648370498,1725771104.2346666,2686196,"[2857, 2864]"
142,legacy_muon:1->current_cascade:0.99:5,0.9535,5721,0.8366666666666667,0.8610634648370498,1727401705.0666666,2686196,"[2857, 2864]"
143,legacy_muon:1->current_cascade:0.995:10,0.9535,5721,0.8366666666666667,0.8610634648370498,1727401705.0666666,2686196,"[2857, 2864]"
144,legacy_muon:1->current_cascade:0.995:5,0.9535,5721,0.8366666666666667,0.8610634648370498,1727401705.0666666,2686196,"[2857, 2864]"
145,legacy_muon:1->current_reduced_2_1_4:0.8:10,0.9495,5697,0.835,0.8477157360406091,53590503.68,2686196,"[2847, 2850]"
146,legacy_muon:1->current_reduced_2_1_4:0.8:5,0.9505,5703,0.8383333333333334,0.8568994889267462,193458845.33333334,2686196,"[2847, 2856]"
147,legacy_muon:1->current_reduced_2_1_4:0.9:10,0.9491666666666667,5695,0.8383333333333334,0.8525423728813559,72031125.44,2686196,"[2843, 2852]"
148,legacy_muon:1->current_reduced_2_1_4:0.9:5,0.9501666666666667,5701,0.8383333333333334,0.8568994889267462,196047002.77333334,2686196,"[2846, 2855]"
149,legacy_muon:1->current_reduced_2_1_4:0.95:10,0.9498333333333333,5699,0.8383333333333334,0.8568994889267462,120505157.49333334,2686196,"[2845, 2854]"
150,legacy_muon:1->current_reduced_2_1_4:0.95:5,0.95,5700,0.8383333333333334,0.8568994889267462,207639791.30666667,2686196,"[2846, 2854]"
151,legacy_muon:1->current_reduced_2_1_4:0.975:10,0.9498333333333333,5699,0.8383333333333334,0.8568994889267462,345836614.61333334,2686196,"[2847, 2852]"
152,legacy_muon:1->current_reduced_2_1_4:0.975:5,0.9498333333333333,5699,0.8383333333333334,0.8568994889267462,352360928.16,2686196,"[2847, 2852]"
153,legacy_muon:1->current_reduced_2_1_4:0.99:10,0.9498333333333333,5699,0.8383333333333334,0.8568994889267462,352360928.16,2686196,"[2847, 2852]"
154,legacy_muon:1->current_reduced_2_1_4:0.99:5,0.9498333333333333,5699,0.8383333333333334,0.8568994889267462,352522688.0,2686196,"[2847, 2852]"
155,legacy_muon:1->current_reduced_2_1_4:0.995:10,0.9498333333333333,5699,0.8383333333333334,0.8568994889267462,352522688.0,2686196,"[2847, 2852]"
156,legacy_muon:1->current_reduced_2_1_4:0.995:5,0.9498333333333333,5699,0.8383333333333334,0.8568994889267462,352522688.0,2686196,"[2847, 2852]"
157,blend:legacy_muon:1:0.25,0.9505,5703,0.845,0.8607809847198642,352522688.0,2686196,"[2847, 2856]"
158,blend:legacy_muon:1:0.5,0.9475,5685,0.835,0.8448566610455311,352522688.0,2686196,"[2837, 2848]"
159,blend:legacy_muon:1:0.75,0.944,5664,0.835,0.835696413678065,352522688.0,2686196,"[2829, 2835]"
160,legacy_muon:2,0.9425,5655,0.83,0.827930174563591,58006016.0,478640,"[2828, 2827]"
161,legacy_muon:2->legacy_dual_10:0.8:10,0.948,5688,0.84,0.8435146443514644,106441039.36,957280,"[2842, 2846]"
162,legacy_muon:2->legacy_dual_10:0.8:5,0.949,5694,0.8416666666666667,0.8466051969823973,353740020.9066667,957280,"[2844, 2850]"
163,legacy_muon:2->legacy_dual_10:0.9:10,0.949,5694,0.8433333333333334,0.8468619246861925,137280904.53333333,957280,"[2843, 2851]"
164,legacy_muon:2->legacy_dual_10:0.9:5,0.949,5694,0.8416666666666667,0.8466051969823973,358477178.88,957280,"[2844, 2850]"
165,legacy_muon:2->legacy_dual_10:0.95:10,0.9491666666666667,5695,0.8416666666666667,0.8466051969823973,221196274.34666666,957280,"[2845, 2850]"
166,legacy_muon:2->legacy_dual_10:0.95:5,0.9491666666666667,5695,0.8416666666666667,0.8466051969823973,379165991.25333333,957280,"[2845, 2850]"
167,legacy_muon:2->legacy_dual_10:0.975:10,0.9491666666666667,5695,0.8416666666666667,0.8466051969823973,628591860.0533333,957280,"[2845, 2850]"
168,legacy_muon:2->legacy_dual_10:0.975:5,0.9491666666666667,5695,0.8416666666666667,0.8466051969823973,637969499.3066666,957280,"[2845, 2850]"
169,legacy_muon:2->legacy_dual_10:0.99:10,0.9491666666666667,5695,0.8416666666666667,0.8466051969823973,637872822.6133333,957280,"[2845, 2850]"
170,legacy_muon:2->legacy_dual_10:0.99:5,0.9491666666666667,5695,0.8416666666666667,0.8466051969823973,638066176.0,957280,"[2845, 2850]"
171,legacy_muon:2->legacy_dual_10:0.995:10,0.9491666666666667,5695,0.8416666666666667,0.8466051969823973,638066176.0,957280,"[2845, 2850]"
172,legacy_muon:2->legacy_dual_10:0.995:5,0.9491666666666667,5695,0.8416666666666667,0.8466051969823973,638066176.0,957280,"[2845, 2850]"
173,legacy_muon:2->current_cascade:0.8:10,0.951,5706,0.8383333333333334,0.8532654792196777,313335134.2506667,2686196,"[2848, 2858]"
174,legacy_muon:2->current_cascade:0.8:5,0.9535,5721,0.8366666666666667,0.8610634648370498,1702632784.0426667,2686196,"[2855, 2866]"
175,legacy_muon:2->current_cascade:0.9:10,0.9526666666666667,5716,0.835,0.8600858369098713,466026493.3333333,2686196,"[2852, 2864]"
176,legacy_muon:2->current_cascade:0.9:5,0.9533333333333334,5720,0.8366666666666667,0.8610634648370498,1709100731.392,2686196,"[2855, 2865]"
177,legacy_muon:2->current_cascade:0.95:10,0.9535,5721,0.8383333333333334,0.8627787307032591,833273027.4986666,2686196,"[2857, 2864]"
178,legacy_muon:2->current_cascade:0.95:5,0.9535,5721,0.8366666666666667,0.8610634648370498,1721406947.328,2686196,"[2857, 2864]"
179,legacy_muon:2->current_cascade:0.975:10,0.9533333333333334,5720,0.8366666666666667,0.8610634648370498,1703669082.368,2686196,"[2857, 2863]"
180,legacy_muon:2->current_cascade:0.975:5,0.9535,5721,0.8366666666666667,0.8610634648370498,1756391842.6026666,2686196,"[2857, 2864]"
181,legacy_muon:2->current_cascade:0.99:10,0.9535,5721,0.8366666666666667,0.8610634648370498,1755317645.8453333,2686196,"[2857, 2864]"
182,legacy_muon:2->current_cascade:0.99:5,0.9535,5721,0.8366666666666667,0.8610634648370498,1756404713.0666666,2686196,"[2857, 2864]"
183,legacy_muon:2->current_cascade:0.995:10,0.9535,5721,0.8366666666666667,0.8610634648370498,1756404713.0666666,2686196,"[2857, 2864]"
184,legacy_muon:2->current_cascade:0.995:5,0.9535,5721,0.8366666666666667,0.8610634648370498,1756404713.0666666,2686196,"[2857, 2864]"
185,legacy_muon:2->current_reduced_2_1_4:0.8:10,0.95,5700,0.84,0.8535139712108383,85019909.28,2686196,"[2850, 2850]"
186,legacy_muon:2->current_reduced_2_1_4:0.8:5,0.9503333333333334,5702,0.8383333333333334,0.8568994889267462,222947132.85333332,2686196,"[2847, 2855]"
187,legacy_muon:2->current_reduced_2_1_4:0.9:10,0.95,5700,0.84,0.8571428571428571,102220372.26666667,2686196,"[2845, 2855]"
188,legacy_muon:2->current_reduced_2_1_4:0.9:5,0.95,5700,0.8383333333333334,0.8568994889267462,225589210.24,2686196,"[2846, 2854]"
189,legacy_muon:2->current_reduced_2_1_4:0.95:10,0.9496666666666667,5698,0.8383333333333334,0.8568994889267462,149022885.97333333,2686196,"[2846, 2852]"
190,legacy_muon:2->current_reduced_2_1_4:0.95:5,0.9498333333333333,5699,0.8383333333333334,0.8568994889267462,237128078.82666665,2686196,"[2847, 2852]"
191,legacy_muon:2->current_reduced_2_1_4:0.975:10,0.9498333333333333,5699,0.8383333333333334,0.8568994889267462,376241541.2266667,2686196,"[2847, 2852]"
192,legacy_muon:2->current_reduced_2_1_4:0.975:5,0.9498333333333333,5699,0.8383333333333334,0.8568994889267462,381471776.05333334,2686196,"[2847, 2852]"
193,legacy_muon:2->current_reduced_2_1_4:0.99:10,0.9498333333333333,5699,0.8383333333333334,0.8568994889267462,381417856.1066667,2686196,"[2847, 2852]"
194,legacy_muon:2->current_reduced_2_1_4:0.99:5,0.9498333333333333,5699,0.8383333333333334,0.8568994889267462,381525696.0,2686196,"[2847, 2852]"
195,legacy_muon:2->current_reduced_2_1_4:0.995:10,0.9498333333333333,5699,0.8383333333333334,0.8568994889267462,381525696.0,2686196,"[2847, 2852]"
196,legacy_muon:2->current_reduced_2_1_4:0.995:5,0.9498333333333333,5699,0.8383333333333334,0.8568994889267462,381525696.0,2686196,"[2847, 2852]"
197,blend:legacy_muon:2:0.25,0.951,5706,0.8466666666666667,0.8610169491525423,381525696.0,2686196,"[2849, 2857]"
198,blend:legacy_muon:2:0.5,0.9498333333333333,5699,0.845,0.8549747048903878,381525696.0,2686196,"[2846, 2853]"
199,blend:legacy_muon:2:0.75,0.9466666666666667,5680,0.84,0.842809364548495,381525696.0,2686196,"[2837, 2843]"
200,legacy_muon:10,0.947,5682,0.835,0.8441449031171019,290030080.0,478640,"[2840, 2842]"
201,legacy_muon:10->legacy_dual_10:0.8:10,0.949,5694,0.8416666666666667,0.8458961474036851,350066306.56,957280,"[2844, 2850]"
202,legacy_muon:10->legacy_dual_10:0.8:5,0.9491666666666667,5695,0.8416666666666667,0.8466051969823973,587600942.08,957280,"[2845, 2850]"
203,legacy_muon:10->legacy_dual_10:0.9:10,0.9491666666666667,5695,0.8416666666666667,0.8466051969823973,386803450.02666664,957280,"[2845, 2850]"
204,legacy_muon:10->legacy_dual_10:0.9:5,0.9491666666666667,5695,0.8416666666666667,0.8466051969823973,594078280.5333333,957280,"[2845, 2850]"
205,legacy_muon:10->legacy_dual_10:0.95:10,0.9491666666666667,5695,0.8416666666666667,0.8466051969823973,471202203.3066667,957280,"[2845, 2850]"
206,legacy_muon:10->legacy_dual_10:0.95:5,0.9491666666666667,5695,0.8416666666666667,0.8466051969823973,613606972.5866667,957280,"[2845, 2850]"
207,legacy_muon:10->legacy_dual_10:0.975:10,0.9491666666666667,5695,0.8416666666666667,0.8466051969823973,866416525.6533333,957280,"[2845, 2850]"
208,legacy_muon:10->legacy_dual_10:0.975:5,0.9491666666666667,5695,0.8416666666666667,0.8466051969823973,870090240.0,957280,"[2845, 2850]"
209,legacy_muon:10->legacy_dual_10:0.99:10,0.9491666666666667,5695,0.8416666666666667,0.8466051969823973,869993563.3066666,957280,"[2845, 2850]"
210,legacy_muon:10->legacy_dual_10:0.99:5,0.9491666666666667,5695,0.8416666666666667,0.8466051969823973,870090240.0,957280,"[2845, 2850]"
211,legacy_muon:10->legacy_dual_10:0.995:10,0.9491666666666667,5695,0.8416666666666667,0.8466051969823973,869993563.3066666,957280,"[2845, 2850]"
212,legacy_muon:10->legacy_dual_10:0.995:5,0.9491666666666667,5695,0.8416666666666667,0.8466051969823973,870090240.0,957280,"[2845, 2850]"
213,legacy_muon:10->current_cascade:0.8:10,0.9535,5721,0.8366666666666667,0.8618025751072962,602092621.184,2686196,"[2854, 2867]"
214,legacy_muon:10->current_cascade:0.8:5,0.9536666666666667,5722,0.8366666666666667,0.8610634648370498,1937554702.592,2686196,"[2856, 2866]"
215,legacy_muon:10->current_cascade:0.9:10,0.9533333333333334,5720,0.8366666666666667,0.8625429553264605,779979583.3173333,2686196,"[2856, 2864]"
216,legacy_muon:10->current_cascade:0.9:5,0.9533333333333334,5720,0.8366666666666667,0.8610634648370498,1945315644.5866666,2686196,"[2856, 2864]"
217,legacy_muon:10->current_cascade:0.95:10,0.9535,5721,0.8366666666666667,0.8618025751072962,1153127764.416,2686196,"[2857, 2864]"
218,legacy_muon:10->current_cascade:0.95:5,0.9535,5721,0.8366666666666667,0.8610634648370498,1953752772.928,2686196,"[2857, 2864]"
219,legacy_muon:10->current_cascade:0.975:10,0.9535,5721,0.8366666666666667,0.8610634648370498,1967774499.8613334,2686196,"[2857, 2864]"
220,legacy_muon:10->current_cascade:0.975:5,0.9535,5721,0.8366666666666667,0.8610634648370498,1988428777.0666666,2686196,"[2857, 2864]"
221,legacy_muon:10->current_cascade:0.99:10,0.9535,5721,0.8366666666666667,0.8610634648370498,1987885243.456,2686196,"[2857, 2864]"
222,legacy_muon:10->current_cascade:0.99:5,0.9535,5721,0.8366666666666667,0.8610634648370498,1988428777.0666666,2686196,"[2857, 2864]"
223,legacy_muon:10->current_cascade:0.995:10,0.9535,5721,0.8366666666666667,0.8610634648370498,1987885243.456,2686196,"[2857, 2864]"
224,legacy_muon:10->current_cascade:0.995:5,0.9535,5721,0.8366666666666667,0.8610634648370498,1988428777.0666666,2686196,"[2857, 2864]"
225,legacy_muon:10->current_reduced_2_1_4:0.8:10,0.951,5706,0.8416666666666667,0.8610400682011935,323514366.88,2686196,"[2848, 2858]"
226,legacy_muon:10->current_reduced_2_1_4:0.8:5,0.9503333333333334,5702,0.8383333333333334,0.8568994889267462,455995675.84,2686196,"[2847, 2855]"
227,legacy_muon:10->current_reduced_2_1_4:0.9:10,0.9503333333333334,5702,0.84,0.8593350383631714,344003946.61333334,2686196,"[2848, 2854]"
228,legacy_muon:10->current_reduced_2_1_4:0.9:5,0.95,5700,0.8383333333333334,0.8568994889267462,459608312.26666665,2686196,"[2847, 2853]"
229,legacy_muon:10->current_reduced_2_1_4:0.95:10,0.9496666666666667,5698,0.8383333333333334,0.8568994889267462,391076060.05333334,2686196,"[2847, 2851]"
230,legacy_muon:10->current_reduced_2_1_4:0.95:5,0.9498333333333333,5699,0.8383333333333334,0.8568994889267462,470500141.49333334,2686196,"[2847, 2852]"
231,legacy_muon:10->current_reduced_2_1_4:0.975:10,0.9498333333333333,5699,0.8383333333333334,0.8568994889267462,611500802.0266666,2686196,"[2847, 2852]"
232,legacy_muon:10->current_reduced_2_1_4:0.975:5,0.9498333333333333,5699,0.8383333333333334,0.8568994889267462,613549760.0,2686196,"[2847, 2852]"
233,legacy_muon:10->current_reduced_2_1_4:0.99:10,0.9498333333333333,5699,0.8383333333333334,0.8568994889267462,613495840.0533333,2686196,"[2847, 2852]"
234,legacy_muon:10->current_reduced_2_1_4:0.99:5,0.9498333333333333,5699,0.8383333333333334,0.8568994889267462,613549760.0,2686196,"[2847, 2852]"
235,legacy_muon:10->current_reduced_2_1_4:0.995:10,0.9498333333333333,5699,0.8383333333333334,0.8568994889267462,613495840.0533333,2686196,"[2847, 2852]"
236,legacy_muon:10->current_reduced_2_1_4:0.995:5,0.9498333333333333,5699,0.8383333333333334,0.8568994889267462,613549760.0,2686196,"[2847, 2852]"
237,legacy_clean+legacy_muon:1,0.9465,5679,0.8366666666666667,0.8373644703919934,58006016.0,957280,"[2844, 2835]"
238,legacy_clean+legacy_muon:1->legacy_dual_10:0.8:10,0.9486666666666667,5692,0.84,0.8449287510477788,110984843.94666667,957280,"[2844, 2848]"
239,legacy_clean+legacy_muon:1->legacy_dual_10:0.8:5,0.949,5694,0.8416666666666667,0.8466051969823973,354803464.53333336,957280,"[2845, 2849]"
240,legacy_clean+legacy_muon:1->legacy_dual_10:0.9:10,0.9488333333333333,5693,0.84,0.8449287510477788,138924408.32,957280,"[2844, 2849]"
241,legacy_clean+legacy_muon:1->legacy_dual_10:0.9:5,0.9491666666666667,5695,0.8416666666666667,0.8466051969823973,358767208.96,957280,"[2845, 2850]"
242,legacy_clean+legacy_muon:1->legacy_dual_10:0.95:10,0.9491666666666667,5695,0.8416666666666667,0.8466051969823973,180592063.14666668,957280,"[2845, 2850]"
243,legacy_clean+legacy_muon:1->legacy_dual_10:0.95:5,0.9491666666666667,5695,0.8416666666666667,0.8466051969823973,367468111.36,957280,"[2845, 2850]"
244,legacy_clean+legacy_muon:1->legacy_dual_10:0.975:10,0.9491666666666667,5695,0.8416666666666667,0.8466051969823973,528628159.14666665,957280,"[2845, 2850]"
245,legacy_clean+legacy_muon:1->legacy_dual_10:0.975:5,0.9491666666666667,5695,0.8416666666666667,0.8466051969823973,584507287.8933333,957280,"[2845, 2850]"
246,legacy_clean+legacy_muon:1->legacy_dual_10:0.99:10,0.9491666666666667,5695,0.8416666666666667,0.8466051969823973,637679469.2266667,957280,"[2845, 2850]"
247,legacy_clean+legacy_muon:1->legacy_dual_10:0.99:5,0.9491666666666667,5695,0.8416666666666667,0.8466051969823973,638066176.0,957280,"[2845, 2850]"
248,legacy_clean+legacy_muon:1->legacy_dual_10:0.995:10,0.9491666666666667,5695,0.8416666666666667,0.8466051969823973,638066176.0,957280,"[2845, 2850]"
249,legacy_clean+legacy_muon:1->legacy_dual_10:0.995:5,0.9491666666666667,5695,0.8416666666666667,0.8466051969823973,638066176.0,957280,"[2845, 2850]"
250,legacy_clean+legacy_muon:1->current_cascade:0.8:10,0.9526666666666667,5716,0.8416666666666667,0.8581138487680544,335166571.9253333,3164836,"[2859, 2857]"
251,legacy_clean+legacy_muon:1->current_cascade:0.8:5,0.9533333333333334,5720,0.8366666666666667,0.8610634648370498,1705427674.88,3164836,"[2857, 2863]"
252,legacy_clean+legacy_muon:1->current_cascade:0.9:10,0.9528333333333333,5717,0.835,0.8593481989708405,475266564.71466666,3164836,"[2855, 2862]"
253,legacy_clean+legacy_muon:1->current_cascade:0.9:5,0.9535,5721,0.8366666666666667,0.8610634648370498,1710731332.224,3164836,"[2857, 2864]"
254,legacy_clean+legacy_muon:1->current_cascade:0.95:10,0.9531666666666667,5719,0.8366666666666667,0.8610634648370498,667076499.1786667,3164836,"[2857, 2862]"
255,legacy_clean+legacy_muon:1->current_cascade:0.95:5,0.9535,5721,0.8366666666666667,0.8610634648370498,1717726968.5973334,3164836,"[2857, 2864]"
256,legacy_clean+legacy_muon:1->current_cascade:0.975:10,0.9533333333333334,5720,0.8366666666666667,0.8610634648370498,1434581385.8986666,3164836,"[2857, 2863]"
257,legacy_clean+legacy_muon:1->current_cascade:0.975:5,0.9535,5721,0.8366666666666667,0.8610634648370498,1748743812.864,3164836,"[2857, 2864]"
258,legacy_clean+legacy_muon:1->current_cascade:0.99:10,0.9535,5721,0.8366666666666667,0.8610634648370498,1754230578.624,3164836,"[2857, 2864]"
259,legacy_clean+legacy_muon:1->current_cascade:0.99:5,0.9535,5721,0.8366666666666667,0.8610634648370498,1756404713.0666666,3164836,"[2857, 2864]"
260,legacy_clean+legacy_muon:1->current_cascade:0.995:10,0.9535,5721,0.8366666666666667,0.8610634648370498,1756404713.0666666,3164836,"[2857, 2864]"
261,legacy_clean+legacy_muon:1->current_cascade:0.995:5,0.9535,5721,0.8366666666666667,0.8610634648370498,1756404713.0666666,3164836,"[2857, 2864]"
262,legacy_clean+legacy_muon:1->current_reduced_2_1_4:0.8:10,0.9493333333333334,5696,0.8366666666666667,0.8515691263782866,87554146.77333333,3164836,"[2851, 2845]"
263,legacy_clean+legacy_muon:1->current_reduced_2_1_4:0.8:5,0.9496666666666667,5698,0.8383333333333334,0.8568994889267462,223540252.26666668,3164836,"[2848, 2850]"
264,legacy_clean+legacy_muon:1->current_reduced_2_1_4:0.9:10,0.9495,5697,0.8366666666666667,0.854468085106383,103137011.36,3164836,"[2847, 2850]"
265,legacy_clean+legacy_muon:1->current_reduced_2_1_4:0.9:5,0.9498333333333333,5699,0.8383333333333334,0.8568994889267462,225750970.08,3164836,"[2847, 2852]"
266,legacy_clean+legacy_muon:1->current_reduced_2_1_4:0.95:10,0.9496666666666667,5698,0.8383333333333334,0.8568994889267462,126376508.37333333,3164836,"[2847, 2851]"
267,legacy_clean+legacy_muon:1->current_reduced_2_1_4:0.95:5,0.9498333333333333,5699,0.8383333333333334,0.8568994889267462,230603765.28,3164836,"[2847, 2852]"
268,legacy_clean+legacy_muon:1->current_reduced_2_1_4:0.975:10,0.9498333333333333,5699,0.8383333333333334,0.8568994889267462,320488316.37333333,3164836,"[2847, 2852]"
269,legacy_clean+legacy_muon:1->current_reduced_2_1_4:0.975:5,0.9498333333333333,5699,0.8383333333333334,0.8568994889267462,351654045.5466667,3164836,"[2847, 2852]"
270,legacy_clean+legacy_muon:1->current_reduced_2_1_4:0.99:10,0.9498333333333333,5699,0.8383333333333334,0.8568994889267462,381310016.2133333,3164836,"[2847, 2852]"
271,legacy_clean+legacy_muon:1->current_reduced_2_1_4:0.99:5,0.9498333333333333,5699,0.8383333333333334,0.8568994889267462,381525696.0,3164836,"[2847, 2852]"
272,legacy_clean+legacy_muon:1->current_reduced_2_1_4:0.995:10,0.9498333333333333,5699,0.8383333333333334,0.8568994889267462,381525696.0,3164836,"[2847, 2852]"
273,legacy_clean+legacy_muon:1->current_reduced_2_1_4:0.995:5,0.9498333333333333,5699,0.8383333333333334,0.8568994889267462,381525696.0,3164836,"[2847, 2852]"
274,blend:legacy_clean+legacy_muon:1:0.25,0.9498333333333333,5699,0.845,0.8578680203045685,381525696.0,3164836,"[2853, 2846]"
275,blend:legacy_clean+legacy_muon:1:0.5,0.9486666666666667,5692,0.8466666666666667,0.8530646515533166,381525696.0,3164836,"[2847, 2845]"
276,blend:legacy_clean+legacy_muon:1:0.75,0.9466666666666667,5680,0.8383333333333334,0.8404344193817878,381525696.0,3164836,"[2843, 2837]"
277,legacy_clean+legacy_muon:2,0.947,5682,0.8433333333333334,0.8412302576891105,116012032.0,957280,"[2844, 2838]"
278,legacy_clean+legacy_muon:2->legacy_dual_10:0.8:10,0.9491666666666667,5695,0.8416666666666667,0.8466051969823973,172181190.82666665,957280,"[2845, 2850]"
279,legacy_clean+legacy_muon:2->legacy_dual_10:0.8:5,0.9491666666666667,5695,0.8416666666666667,0.8466051969823973,413196187.3066667,957280,"[2845, 2850]"
280,legacy_clean+legacy_muon:2->legacy_dual_10:0.9:10,0.9491666666666667,5695,0.8416666666666667,0.8466051969823973,200024078.50666666,957280,"[2845, 2850]"
281,legacy_clean+legacy_muon:2->legacy_dual_10:0.9:5,0.9491666666666667,5695,0.8416666666666667,0.8466051969823973,418126698.6666667,957280,"[2845, 2850]"
282,legacy_clean+legacy_muon:2->legacy_dual_10:0.95:10,0.9491666666666667,5695,0.8416666666666667,0.8466051969823973,241014996.48,957280,"[2845, 2850]"
283,legacy_clean+legacy_muon:2->legacy_dual_10:0.95:5,0.9491666666666667,5695,0.8416666666666667,0.8466051969823973,426730924.37333333,957280,"[2845, 2850]"
284,legacy_clean+legacy_muon:2->legacy_dual_10:0.975:10,0.9491666666666667,5695,0.8416666666666667,0.8466051969823973,599685528.7466667,957280,"[2845, 2850]"
285,legacy_clean+legacy_muon:2->legacy_dual_10:0.975:5,0.9491666666666667,5695,0.8416666666666667,0.8466051969823973,653631123.6266667,957280,"[2845, 2850]"
286,legacy_clean+legacy_muon:2->legacy_dual_10:0.99:10,0.9491666666666667,5695,0.8416666666666667,0.8466051969823973,695878838.6133333,957280,"[2845, 2850]"
287,legacy_clean+legacy_muon:2->legacy_dual_10:0.99:5,0.9491666666666667,5695,0.8416666666666667,0.8466051969823973,696072192.0,957280,"[2845, 2850]"
288,legacy_clean+legacy_muon:2->legacy_dual_10:0.995:10,0.9491666666666667,5695,0.8416666666666667,0.8466051969823973,696072192.0,957280,"[2845, 2850]"
289,legacy_clean+legacy_muon:2->legacy_dual_10:0.995:5,0.9491666666666667,5695,0.8416666666666667,0.8466051969823973,696072192.0,957280,"[2845, 2850]"
290,legacy_clean+legacy_muon:2->current_cascade:0.8:10,0.9525,5715,0.8366666666666667,0.8581196581196581,410578533.9306667,3164836,"[2856, 2859]"
291,legacy_clean+legacy_muon:2->current_cascade:0.8:5,0.9535,5721,0.8366666666666667,0.8610634648370498,1765077162.176,3164836,"[2857, 2864]"
292,legacy_clean+legacy_muon:2->current_cascade:0.9:10,0.9531666666666667,5719,0.8366666666666667,0.8595890410958904,544297698.496,3164836,"[2856, 2863]"
293,legacy_clean+legacy_muon:2->current_cascade:0.9:5,0.9535,5721,0.8366666666666667,0.8610634648370498,1769978861.0133333,3164836,"[2857, 2864]"
294,legacy_clean+legacy_muon:2->current_cascade:0.95:10,0.9531666666666667,5719,0.8366666666666667,0.8610634648370498,732302897.6853334,3164836,"[2857, 2862]"
295,legacy_clean+legacy_muon:2->current_cascade:0.95:5,0.9535,5721,0.8366666666666667,0.8610634648370498,1776430963.776,3164836,"[2857, 2864]"
296,legacy_clean+legacy_muon:2->current_cascade:0.975:10,0.9533333333333334,5720,0.8366666666666667,0.8610634648370498,1505468840.6186666,3164836,"[2857, 2863]"
297,legacy_clean+legacy_muon:2->current_cascade:0.975:5,0.9535,5721,0.8366666666666667,0.8610634648370498,1808760595.3706667,3164836,"[2857, 2864]"
298,legacy_clean+legacy_muon:2->current_cascade:0.99:10,0.9535,5721,0.8366666666666667,0.8610634648370498,1813323661.8453333,3164836,"[2857, 2864]"
299,legacy_clean+legacy_muon:2->current_cascade:0.99:5,0.9535,5721,0.8366666666666667,0.8610634648370498,1814410729.0666666,3164836,"[2857, 2864]"
300,legacy_clean+legacy_muon:2->current_cascade:0.995:10,0.9535,5721,0.8366666666666667,0.8610634648370498,1814410729.0666666,3164836,"[2857, 2864]"
301,legacy_clean+legacy_muon:2->current_cascade:0.995:5,0.9535,5721,0.8366666666666667,0.8610634648370498,1814410729.0666666,3164836,"[2857, 2864]"
302,legacy_clean+legacy_muon:2->current_reduced_2_1_4:0.8:10,0.9495,5697,0.835,0.8534923339011925,147339521.01333332,3164836,"[2850, 2847]"
303,legacy_clean+legacy_muon:2->current_reduced_2_1_4:0.8:5,0.95,5700,0.8383333333333334,0.8568994889267462,281761948.05333334,3164836,"[2848, 2852]"
304,legacy_clean+legacy_muon:2->current_reduced_2_1_4:0.9:10,0.9496666666666667,5698,0.8383333333333334,0.8554421768707483,162868465.65333334,3164836,"[2847, 2851]"
305,legacy_clean+legacy_muon:2->current_reduced_2_1_4:0.9:5,0.9498333333333333,5699,0.8383333333333334,0.8568994889267462,284511865.3333333,3164836,"[2847, 2852]"
306,legacy_clean+legacy_muon:2->current_reduced_2_1_4:0.95:10,0.9496666666666667,5698,0.8383333333333334,0.8568994889267462,185730523.04,3164836,"[2847, 2851]"
307,legacy_clean+legacy_muon:2->current_reduced_2_1_4:0.95:5,0.9498333333333333,5699,0.8383333333333334,0.8568994889267462,289310740.58666664,3164836,"[2847, 2852]"
308,legacy_clean+legacy_muon:2->current_reduced_2_1_4:0.975:10,0.9498333333333333,5699,0.8383333333333334,0.8568994889267462,385773525.17333335,3164836,"[2847, 2852]"
309,legacy_clean+legacy_muon:2->current_reduced_2_1_4:0.975:5,0.9498333333333333,5699,0.8383333333333334,0.8568994889267462,415860855.41333336,3164836,"[2847, 2852]"
310,legacy_clean+legacy_muon:2->current_reduced_2_1_4:0.99:10,0.9498333333333333,5699,0.8383333333333334,0.8568994889267462,439423872.1066667,3164836,"[2847, 2852]"
311,legacy_clean+legacy_muon:2->current_reduced_2_1_4:0.99:5,0.9498333333333333,5699,0.8383333333333334,0.8568994889267462,439531712.0,3164836,"[2847, 2852]"
312,legacy_clean+legacy_muon:2->current_reduced_2_1_4:0.995:10,0.9498333333333333,5699,0.8383333333333334,0.8568994889267462,439531712.0,3164836,"[2847, 2852]"
313,legacy_clean+legacy_muon:2->current_reduced_2_1_4:0.995:5,0.9498333333333333,5699,0.8383333333333334,0.8568994889267462,439531712.0,3164836,"[2847, 2852]"
314,blend:legacy_clean+legacy_muon:2:0.25,0.9498333333333333,5699,0.845,0.8571428571428571,439531712.0,3164836,"[2851, 2848]"
315,blend:legacy_clean+legacy_muon:2:0.5,0.9501666666666667,5701,0.845,0.8542544229149115,439531712.0,3164836,"[2850, 2851]"
316,blend:legacy_clean+legacy_muon:2:0.75,0.9483333333333334,5690,0.8466666666666667,0.8509212730318257,439531712.0,3164836,"[2849, 2841]"
317,legacy_clean+legacy_muon:10,0.9491666666666667,5695,0.8416666666666667,0.8466051969823973,580060160.0,957280,"[2845, 2850]"
318,legacy_clean+legacy_muon:10->legacy_dual_10:0.8:10,0.9491666666666667,5695,0.8416666666666667,0.8466051969823973,641063153.4933333,957280,"[2845, 2850]"
319,legacy_clean+legacy_muon:10->legacy_dual_10:0.8:5,0.9491666666666667,5695,0.8416666666666667,0.8466051969823973,877437668.6933334,957280,"[2845, 2850]"
320,legacy_clean+legacy_muon:10->legacy_dual_10:0.9:10,0.9491666666666667,5695,0.8416666666666667,0.8466051969823973,677703620.2666667,957280,"[2845, 2850]"
321,legacy_clean+legacy_muon:10->legacy_dual_10:0.9:5,0.9491666666666667,5695,0.8416666666666667,0.8466051969823973,884978450.7733333,957280,"[2845, 2850]"
322,legacy_clean+legacy_muon:10->legacy_dual_10:0.95:10,0.9491666666666667,5695,0.8416666666666667,0.8466051969823973,723141666.1333333,957280,"[2845, 2850]"
323,legacy_clean+legacy_muon:10->legacy_dual_10:0.95:5,0.9491666666666667,5695,0.8416666666666667,0.8466051969823973,895129503.5733334,957280,"[2845, 2850]"
324,legacy_clean+legacy_muon:10->legacy_dual_10:0.975:10,0.9491666666666667,5695,0.8416666666666667,0.8466051969823973,1094186815.1466668,957280,"[2845, 2850]"
325,legacy_clean+legacy_muon:10->legacy_dual_10:0.975:5,0.9491666666666667,5695,0.8416666666666667,0.8466051969823973,1130537251.84,957280,"[2845, 2850]"
326,legacy_clean+legacy_muon:10->legacy_dual_10:0.99:10,0.9491666666666667,5695,0.8416666666666667,0.8466051969823973,1160023643.3066666,957280,"[2845, 2850]"
327,legacy_clean+legacy_muon:10->legacy_dual_10:0.99:5,0.9491666666666667,5695,0.8416666666666667,0.8466051969823973,1160120320.0,957280,"[2845, 2850]"
328,legacy_clean+legacy_muon:10->legacy_dual_10:0.995:10,0.9491666666666667,5695,0.8416666666666667,0.8466051969823973,1160120320.0,957280,"[2845, 2850]"
329,legacy_clean+legacy_muon:10->legacy_dual_10:0.995:5,0.9491666666666667,5695,0.8416666666666667,0.8466051969823973,1160120320.0,957280,"[2845, 2850]"
330,legacy_clean+legacy_muon:10->current_cascade:0.8:10,0.9533333333333334,5720,0.8366666666666667,0.8618025751072962,899680689.8773333,3164836,"[2857, 2863]"
331,legacy_clean+legacy_muon:10->current_cascade:0.8:5,0.9536666666666667,5722,0.8366666666666667,0.8610634648370498,2228620367.9573336,3164836,"[2857, 2865]"
332,legacy_clean+legacy_muon:10->current_cascade:0.9:10,0.9531666666666667,5719,0.8366666666666667,0.8610634648370498,1071717486.9333333,3164836,"[2857, 2862]"
333,legacy_clean+legacy_muon:10->current_cascade:0.9:5,0.9535,5721,0.8366666666666667,0.8610634648370498,2237053548.2026668,3164836,"[2857, 2864]"
334,legacy_clean+legacy_muon:10->current_cascade:0.95:10,0.9535,5721,0.8366666666666667,0.8610634648370498,1274111969.28,3164836,"[2857, 2864]"
335,legacy_clean+legacy_muon:10->current_cascade:0.95:5,0.9535,5721,0.8366666666666667,0.8610634648370498,2241058262.656,3164836,"[2857, 2864]"
336,legacy_clean+legacy_muon:10->current_cascade:0.975:10,0.9535,5721,0.8366666666666667,0.8610634648370498,2070151857.472,3164836,"[2857, 2864]"
337,legacy_clean+legacy_muon:10->current_cascade:0.975:5,0.9535,5721,0.8366666666666667,0.8610634648370498,2274520495.082667,3164836,"[2857, 2864]"
338,legacy_clean+legacy_muon:10->current_cascade:0.99:10,0.9535,5721,0.8366666666666667,0.8610634648370498,2277915323.456,3164836,"[2857, 2864]"
339,legacy_clean+legacy_muon:10->current_cascade:0.99:5,0.9535,5721,0.8366666666666667,0.8610634648370498,2278458857.0666666,3164836,"[2857, 2864]"
340,legacy_clean+legacy_muon:10->current_cascade:0.995:10,0.9535,5721,0.8366666666666667,0.8610634648370498,2278458857.0666666,3164836,"[2857, 2864]"
341,legacy_clean+legacy_muon:10->current_cascade:0.995:5,0.9535,5721,0.8366666666666667,0.8610634648370498,2278458857.0666666,3164836,"[2857, 2864]"
342,legacy_clean+legacy_muon:10->current_reduced_2_1_4:0.8:10,0.9498333333333333,5699,0.8383333333333334,0.8583617747440273,614083646.3466667,3164836,"[2849, 2850]"
343,legacy_clean+legacy_muon:10->current_reduced_2_1_4:0.8:5,0.95,5700,0.8383333333333334,0.8568994889267462,745917915.9466667,3164836,"[2848, 2852]"
344,legacy_clean+legacy_muon:10->current_reduced_2_1_4:0.9:10,0.9498333333333333,5699,0.8383333333333334,0.8576300085251491,634519306.1333333,3164836,"[2848, 2851]"
345,legacy_clean+legacy_muon:10->current_reduced_2_1_4:0.9:5,0.9498333333333333,5699,0.8383333333333334,0.8568994889267462,750123671.7866666,3164836,"[2847, 2852]"
346,legacy_clean+legacy_muon:10->current_reduced_2_1_4:0.95:10,0.9498333333333333,5699,0.8383333333333334,0.8568994889267462,659861681.0666667,3164836,"[2847, 2852]"
347,legacy_clean+legacy_muon:10->current_reduced_2_1_4:0.95:5,0.9498333333333333,5699,0.8383333333333334,0.8568994889267462,755785266.1866666,3164836,"[2847, 2852]"
348,legacy_clean+legacy_muon:10->current_reduced_2_1_4:0.975:10,0.9498333333333333,5699,0.8383333333333334,0.8568994889267462,866806436.3733333,3164836,"[2847, 2852]"
349,legacy_clean+legacy_muon:10->current_reduced_2_1_4:0.975:5,0.9498333333333333,5699,0.8383333333333334,0.8568994889267462,887080336.32,3164836,"[2847, 2852]"
350,legacy_clean+legacy_muon:10->current_reduced_2_1_4:0.99:10,0.9498333333333333,5699,0.8383333333333334,0.8568994889267462,903525920.0533333,3164836,"[2847, 2852]"
351,legacy_clean+legacy_muon:10->current_reduced_2_1_4:0.99:5,0.9498333333333333,5699,0.8383333333333334,0.8568994889267462,903579840.0,3164836,"[2847, 2852]"
352,legacy_clean+legacy_muon:10->current_reduced_2_1_4:0.995:10,0.9498333333333333,5699,0.8383333333333334,0.8568994889267462,903579840.0,3164836,"[2847, 2852]"
353,legacy_clean+legacy_muon:10->current_reduced_2_1_4:0.995:5,0.9498333333333333,5699,0.8383333333333334,0.8568994889267462,903579840.0,3164836,"[2847, 2852]"
