parameters,macs,full_macs,worst_case_macs,correct,examples,accuracy,loss,shirt_precision,shirt_recall,shirt_f1,macro_f1,validation_half_correct,components
2207556,1698398697.0666666,3183978880,3261201664,5721,6000,0.9535,0.15823839604854584,0.8869257950530035,0.8366666666666667,0.8610634648370498,0.9532853801363863,"[2857, 2864]","[{""name"": ""accuracy_wide_clean_swa"", ""views"": 10, ""temperature"": 1.5, ""weight"": 0.325, ""sha256"": ""0aa9d82bef91689cc3b4b76c97b385153e325887adf376d641f082358aabea0f""}, {""name"": ""accuracy_p2_clean_swa"", ""views"": 30, ""temperature"": 1.25, ""weight"": 0.325, ""sha256"": ""31e66eb705618c067df9d65c5a5cb991addbb4f567a7c5dbab408f87859d6227""}, {""name"": ""mixer_pruned_75"", ""views"": 10, ""temperature"": 1.0, ""weight"": 0.35, ""sha256"": ""c0b7eafe5070b3985442bfdf729ab2955c7340a172dc5b817150cc02771d5f53""}]"
1741651,77665344.0,77665344,77665344,5642,6000,0.9403333333333334,0.3280413746833801,0.8446771378708552,0.8066666666666666,0.8252344416027281,0.9401485003129959,"[2805, 2837]","[{""name"": ""moe_control_ema"", ""views"": 1, ""temperature"": 1.0, ""weight"": 1.0}]"
1741651,77665344.0,77665344,77665344,5642,6000,0.9403333333333334,0.2259911745786667,0.8446771378708552,0.8066666666666666,0.8252344416027281,0.9401485003129959,"[2805, 2837]","[{""name"": ""moe_control_ema"", ""views"": 1, ""temperature"": 2.0, ""weight"": 1.0}]"
3949207,1737943301.3866665,3261644224,3338867008,5705,6000,0.9508333333333333,0.15898151695728302,0.8785211267605634,0.8316666666666667,0.8544520547945206,0.9506212242892836,"[2846, 2859]","[{""name"": ""accuracy_wide_clean_swa"", ""views"": 10, ""temperature"": 1.5, ""weight"": 0.29250000000000004, ""sha256"": ""0aa9d82bef91689cc3b4b76c97b385153e325887adf376d641f082358aabea0f""}, {""name"": ""accuracy_p2_clean_swa"", ""views"": 30, ""temperature"": 1.25, ""weight"": 0.29250000000000004, ""sha256"": ""31e66eb705618c067df9d65c5a5cb991addbb4f567a7c5dbab408f87859d6227""}, {""name"": ""mixer_pruned_75"", ""views"": 10, ""temperature"": 1.0, ""weight"": 0.315, ""sha256"": ""c0b7eafe5070b3985442bfdf729ab2955c7340a172dc5b817150cc02771d5f53""}, {""name"": ""moe_control_ema"", ""views"": 1, ""temperature"": 2.0, ""weight"": 0.1}]"
3949207,1737943301.3866665,3261644224,3338867008,5696,6000,0.9493333333333334,0.160348579287529,0.8783068783068783,0.83,0.8534704370179949,0.9491173394479174,"[2838, 2858]","[{""name"": ""accuracy_wide_clean_swa"", ""views"": 10, ""temperature"": 1.5, ""weight"": 0.26, ""sha256"": ""0aa9d82bef91689cc3b4b76c97b385153e325887adf376d641f082358aabea0f""}, {""name"": ""accuracy_p2_clean_swa"", ""views"": 30, ""temperature"": 1.25, ""weight"": 0.26, ""sha256"": ""31e66eb705618c067df9d65c5a5cb991addbb4f567a7c5dbab408f87859d6227""}, {""name"": ""mixer_pruned_75"", ""views"": 10, ""temperature"": 1.0, ""weight"": 0.27999999999999997, ""sha256"": ""c0b7eafe5070b3985442bfdf729ab2955c7340a172dc5b817150cc02771d5f53""}, {""name"": ""moe_control_ema"", ""views"": 1, ""temperature"": 2.0, ""weight"": 0.2}]"
3949207,1737943301.3866665,3261644224,3338867008,5682,6000,0.947,0.1635562628507614,0.8710247349823321,0.8216666666666667,0.8456260720411664,0.9467738983707955,"[2828, 2854]","[{""name"": ""accuracy_wide_clean_swa"", ""views"": 10, ""temperature"": 1.5, ""weight"": 0.21125000000000002, ""sha256"": ""0aa9d82bef91689cc3b4b76c97b385153e325887adf376d641f082358aabea0f""}, {""name"": ""accuracy_p2_clean_swa"", ""views"": 30, ""temperature"": 1.25, ""weight"": 0.21125000000000002, ""sha256"": ""31e66eb705618c067df9d65c5a5cb991addbb4f567a7c5dbab408f87859d6227""}, {""name"": ""mixer_pruned_75"", ""views"": 10, ""temperature"": 1.0, ""weight"": 0.22749999999999998, ""sha256"": ""c0b7eafe5070b3985442bfdf729ab2955c7340a172dc5b817150cc02771d5f53""}, {""name"": ""moe_control_ema"", ""views"": 1, ""temperature"": 2.0, ""weight"": 0.35}]"
3419349,633107683.7866666,1091754304,1168977088,5672,6000,0.9453333333333334,0.1669054925441742,0.8578947368421053,0.815,0.8358974358974359,0.9451093452020458,"[2824, 2848]","[{""name"": ""accuracy_wide_clean_swa"", ""views"": 10, ""temperature"": 1.5, ""weight"": 0.325, ""sha256"": ""0aa9d82bef91689cc3b4b76c97b385153e325887adf376d641f082358aabea0f""}, {""name"": ""moe_control_ema"", ""views"": 1, ""temperature"": 2.0, ""weight"": 0.325}, {""name"": ""mixer_pruned_75"", ""views"": 10, ""temperature"": 1.0, ""weight"": 0.35, ""sha256"": ""c0b7eafe5070b3985442bfdf729ab2955c7340a172dc5b817150cc02771d5f53""}]"
3569255,1614795681.12,3019783104,3097005888,5685,6000,0.9475,0.16919779777526855,0.8754448398576512,0.82,0.846815834767642,0.9472650287184111,"[2836, 2849]","[{""name"": ""accuracy_wide_clean_swa"", ""views"": 10, ""temperature"": 1.5, ""weight"": 0.325, ""sha256"": ""0aa9d82bef91689cc3b4b76c97b385153e325887adf376d641f082358aabea0f""}, {""name"": ""accuracy_p2_clean_swa"", ""views"": 30, ""temperature"": 1.25, ""weight"": 0.325, ""sha256"": ""31e66eb705618c067df9d65c5a5cb991addbb4f567a7c5dbab408f87859d6227""}, {""name"": ""moe_control_ema"", ""views"": 1, ""temperature"": 2.0, ""weight"": 0.35}]"
1741651,776653440.0,776653440,776653440,5680,6000,0.9466666666666667,0.1761174350976944,0.8699472759226714,0.825,0.8468776732249786,0.9464778465356458,"[2828, 2852]","[{""name"": ""moe_control_ema"", ""views"": 10, ""temperature"": 1.5, ""weight"": 1.0}]"
3949207,2093844740.2666667,3960632320,4037855104,5714,6000,0.9523333333333334,0.15847811102867126,0.8865248226950354,0.8333333333333334,0.8591065292096219,0.9521051006731444,"[2852, 2862]","[{""name"": ""accuracy_wide_clean_swa"", ""views"": 10, ""temperature"": 1.5, ""weight"": 0.29250000000000004, ""sha256"": ""0aa9d82bef91689cc3b4b76c97b385153e325887adf376d641f082358aabea0f""}, {""name"": ""accuracy_p2_clean_swa"", ""views"": 30, ""temperature"": 1.25, ""weight"": 0.29250000000000004, ""sha256"": ""31e66eb705618c067df9d65c5a5cb991addbb4f567a7c5dbab408f87859d6227""}, {""name"": ""mixer_pruned_75"", ""views"": 10, ""temperature"": 1.0, ""weight"": 0.315, ""sha256"": ""c0b7eafe5070b3985442bfdf729ab2955c7340a172dc5b817150cc02771d5f53""}, {""name"": ""moe_control_ema"", ""views"": 10, ""temperature"": 1.5, ""weight"": 0.1}]"
3949207,2093844740.2666667,3960632320,4037855104,5708,6000,0.9513333333333334,0.15896756947040558,0.8833922261484098,0.8333333333333334,0.8576329331046312,0.9511139531865569,"[2847, 2861]","[{""name"": ""accuracy_wide_clean_swa"", ""views"": 10, ""temperature"": 1.5, ""weight"": 0.26, ""sha256"": ""0aa9d82bef91689cc3b4b76c97b385153e325887adf376d641f082358aabea0f""}, {""name"": ""accuracy_p2_clean_swa"", ""views"": 30, ""temperature"": 1.25, ""weight"": 0.26, ""sha256"": ""31e66eb705618c067df9d65c5a5cb991addbb4f567a7c5dbab408f87859d6227""}, {""name"": ""mixer_pruned_75"", ""views"": 10, ""temperature"": 1.0, ""weight"": 0.27999999999999997, ""sha256"": ""c0b7eafe5070b3985442bfdf729ab2955c7340a172dc5b817150cc02771d5f53""}, {""name"": ""moe_control_ema"", ""views"": 10, ""temperature"": 1.5, ""weight"": 0.2}]"
3949207,2093844740.2666667,3960632320,4037855104,5701,6000,0.9501666666666667,0.16019992530345917,0.8800705467372134,0.8316666666666667,0.8551842330762639,0.9499520631614283,"[2840, 2861]","[{""name"": ""accuracy_wide_clean_swa"", ""views"": 10, ""temperature"": 1.5, ""weight"": 0.21125000000000002, ""sha256"": ""0aa9d82bef91689cc3b4b76c97b385153e325887adf376d641f082358aabea0f""}, {""name"": ""accuracy_p2_clean_swa"", ""views"": 30, ""temperature"": 1.25, ""weight"": 0.21125000000000002, ""sha256"": ""31e66eb705618c067df9d65c5a5cb991addbb4f567a7c5dbab408f87859d6227""}, {""name"": ""mixer_pruned_75"", ""views"": 10, ""temperature"": 1.0, ""weight"": 0.22749999999999998, ""sha256"": ""c0b7eafe5070b3985442bfdf729ab2955c7340a172dc5b817150cc02771d5f53""}, {""name"": ""moe_control_ema"", ""views"": 10, ""temperature"": 1.5, ""weight"": 0.35}]"
3419349,989009122.6666666,1790742400,1867965184,5674,6000,0.9456666666666667,0.1636829525232315,0.8644366197183099,0.8183333333333334,0.8407534246575342,0.9454378649695814,"[2832, 2842]","[{""name"": ""accuracy_wide_clean_swa"", ""views"": 10, ""temperature"": 1.5, ""weight"": 0.325, ""sha256"": ""0aa9d82bef91689cc3b4b76c97b385153e325887adf376d641f082358aabea0f""}, {""name"": ""moe_control_ema"", ""views"": 10, ""temperature"": 1.5, ""weight"": 0.325}, {""name"": ""mixer_pruned_75"", ""views"": 10, ""temperature"": 1.0, ""weight"": 0.35, ""sha256"": ""c0b7eafe5070b3985442bfdf729ab2955c7340a172dc5b817150cc02771d5f53""}]"
3569255,1970697120.0,3718771200,3795993984,5700,6000,0.95,0.16581717133522034,0.8816254416961131,0.8316666666666667,0.855917667238422,0.9498037939443884,"[2844, 2856]","[{""name"": ""accuracy_wide_clean_swa"", ""views"": 10, ""temperature"": 1.5, ""weight"": 0.325, ""sha256"": ""0aa9d82bef91689cc3b4b76c97b385153e325887adf376d641f082358aabea0f""}, {""name"": ""accuracy_p2_clean_swa"", ""views"": 30, ""temperature"": 1.25, ""weight"": 0.325, ""sha256"": ""31e66eb705618c067df9d65c5a5cb991addbb4f567a7c5dbab408f87859d6227""}, {""name"": ""moe_control_ema"", ""views"": 10, ""temperature"": 1.5, ""weight"": 0.35}]"
1741651,2329960320.0,2329960320,2329960320,5674,6000,0.9456666666666667,0.17484065890312195,0.8618881118881119,0.8216666666666667,0.841296928327645,0.9454819781689114,"[2821, 2853]","[{""name"": ""moe_control_ema"", ""views"": 30, ""temperature"": 1.5, ""weight"": 1.0}]"
3949207,2884736826.6666665,5513939200,5591161984,5717,6000,0.9528333333333333,0.1585606187582016,0.8853615520282186,0.8366666666666667,0.8603256212510711,0.9526239471009028,"[2855, 2862]","[{""name"": ""accuracy_wide_clean_swa"", ""views"": 10, ""temperature"": 1.5, ""weight"": 0.29250000000000004, ""sha256"": ""0aa9d82bef91689cc3b4b76c97b385153e325887adf376d641f082358aabea0f""}, {""name"": ""accuracy_p2_clean_swa"", ""views"": 30, ""temperature"": 1.25, ""weight"": 0.29250000000000004, ""sha256"": ""31e66eb705618c067df9d65c5a5cb991addbb4f567a7c5dbab408f87859d6227""}, {""name"": ""mixer_pruned_75"", ""views"": 10, ""temperature"": 1.0, ""weight"": 0.315, ""sha256"": ""c0b7eafe5070b3985442bfdf729ab2955c7340a172dc5b817150cc02771d5f53""}, {""name"": ""moe_control_ema"", ""views"": 30, ""temperature"": 1.5, ""weight"": 0.1}]"
3949207,2884736826.6666665,5513939200,5591161984,5715,6000,0.9525,0.1592152714729309,0.8840070298769771,0.8383333333333334,0.8605645851154833,0.9523026944056021,"[2853, 2862]","[{""name"": ""accuracy_wide_clean_swa"", ""views"": 10, ""temperature"": 1.5, ""weight"": 0.26, ""sha256"": ""0aa9d82bef91689cc3b4b76c97b385153e325887adf376d641f082358aabea0f""}, {""name"": ""accuracy_p2_clean_swa"", ""views"": 30, ""temperature"": 1.25, ""weight"": 0.26, ""sha256"": ""31e66eb705618c067df9d65c5a5cb991addbb4f567a7c5dbab408f87859d6227""}, {""name"": ""mixer_pruned_75"", ""views"": 10, ""temperature"": 1.0, ""weight"": 0.27999999999999997, ""sha256"": ""c0b7eafe5070b3985442bfdf729ab2955c7340a172dc5b817150cc02771d5f53""}, {""name"": ""moe_control_ema"", ""views"": 30, ""temperature"": 1.5, ""weight"": 0.2}]"
3949207,2884736826.6666665,5513939200,5591161984,5702,6000,0.9503333333333334,0.16072624921798706,0.8785211267605634,0.8316666666666667,0.8544520547945206,0.950122792646992,"[2842, 2860]","[{""name"": ""accuracy_wide_clean_swa"", ""views"": 10, ""temperature"": 1.5, ""weight"": 0.21125000000000002, ""sha256"": ""0aa9d82bef91689cc3b4b76c97b385153e325887adf376d641f082358aabea0f""}, {""name"": ""accuracy_p2_clean_swa"", ""views"": 30, ""temperature"": 1.25, ""weight"": 0.21125000000000002, ""sha256"": ""31e66eb705618c067df9d65c5a5cb991addbb4f567a7c5dbab408f87859d6227""}, {""name"": ""mixer_pruned_75"", ""views"": 10, ""temperature"": 1.0, ""weight"": 0.22749999999999998, ""sha256"": ""c0b7eafe5070b3985442bfdf729ab2955c7340a172dc5b817150cc02771d5f53""}, {""name"": ""moe_control_ema"", ""views"": 30, ""temperature"": 1.5, ""weight"": 0.35}]"
3419349,1779901209.0666666,3344049280,3421272064,5683,6000,0.9471666666666667,0.16358205676078796,0.8699472759226714,0.825,0.8468776732249786,0.9469649278275132,"[2836, 2847]","[{""name"": ""accuracy_wide_clean_swa"", ""views"": 10, ""temperature"": 1.5, ""weight"": 0.325, ""sha256"": ""0aa9d82bef91689cc3b4b76c97b385153e325887adf376d641f082358aabea0f""}, {""name"": ""moe_control_ema"", ""views"": 30, ""temperature"": 1.5, ""weight"": 0.325}, {""name"": ""mixer_pruned_75"", ""views"": 10, ""temperature"": 1.0, ""weight"": 0.35, ""sha256"": ""c0b7eafe5070b3985442bfdf729ab2955c7340a172dc5b817150cc02771d5f53""}]"
3569255,2761589206.4,5272078080,5349300864,5697,6000,0.9495,0.16535018384456635,0.8778761061946903,0.8266666666666667,0.8515021459227468,0.9492877465554228,"[2841, 2856]","[{""name"": ""accuracy_wide_clean_swa"", ""views"": 10, ""temperature"": 1.5, ""weight"": 0.325, ""sha256"": ""0aa9d82bef91689cc3b4b76c97b385153e325887adf376d641f082358aabea0f""}, {""name"": ""accuracy_p2_clean_swa"", ""views"": 30, ""temperature"": 1.25, ""weight"": 0.325, ""sha256"": ""31e66eb705618c067df9d65c5a5cb991addbb4f567a7c5dbab408f87859d6227""}, {""name"": ""moe_control_ema"", ""views"": 30, ""temperature"": 1.5, ""weight"": 0.35}]"
1742421,77370816.0,77370816,77370816,5641,6000,0.9401666666666667,0.3248146176338196,0.8461538461538461,0.8066666666666666,0.825938566552901,0.9399754372150172,"[2805, 2836]","[{""name"": ""moe_mixer_ema"", ""views"": 1, ""temperature"": 1.0, ""weight"": 1.0}]"
1742421,77370816.0,77370816,77370816,5641,6000,0.9401666666666667,0.22591276466846466,0.8461538461538461,0.8066666666666666,0.825938566552901,0.9399754372150172,"[2805, 2836]","[{""name"": ""moe_mixer_ema"", ""views"": 1, ""temperature"": 2.0, ""weight"": 1.0}]"
3949977,1737793337.5466666,3261349696,3338572480,5705,6000,0.9508333333333333,0.15904243290424347,0.8785211267605634,0.8316666666666667,0.8544520547945206,0.9506212242892836,"[2846, 2859]","[{""name"": ""accuracy_wide_clean_swa"", ""views"": 10, ""temperature"": 1.5, ""weight"": 0.29250000000000004, ""sha256"": ""0aa9d82bef91689cc3b4b76c97b385153e325887adf376d641f082358aabea0f""}, {""name"": ""accuracy_p2_clean_swa"", ""views"": 30, ""temperature"": 1.25, ""weight"": 0.29250000000000004, ""sha256"": ""31e66eb705618c067df9d65c5a5cb991addbb4f567a7c5dbab408f87859d6227""}, {""name"": ""mixer_pruned_75"", ""views"": 10, ""temperature"": 1.0, ""weight"": 0.315, ""sha256"": ""c0b7eafe5070b3985442bfdf729ab2955c7340a172dc5b817150cc02771d5f53""}, {""name"": ""moe_mixer_ema"", ""views"": 1, ""temperature"": 2.0, ""weight"": 0.1}]"
3949977,1737793337.5466666,3261349696,3338572480,5696,6000,0.9493333333333334,0.16047069430351257,0.8785211267605634,0.8316666666666667,0.8544520547945206,0.9491281172984589,"[2838, 2858]","[{""name"": ""accuracy_wide_clean_swa"", ""views"": 10, ""temperature"": 1.5, ""weight"": 0.26, ""sha256"": ""0aa9d82bef91689cc3b4b76c97b385153e325887adf376d641f082358aabea0f""}, {""name"": ""accuracy_p2_clean_swa"", ""views"": 30, ""temperature"": 1.25, ""weight"": 0.26, ""sha256"": ""31e66eb705618c067df9d65c5a5cb991addbb4f567a7c5dbab408f87859d6227""}, {""name"": ""mixer_pruned_75"", ""views"": 10, ""temperature"": 1.0, ""weight"": 0.27999999999999997, ""sha256"": ""c0b7eafe5070b3985442bfdf729ab2955c7340a172dc5b817150cc02771d5f53""}, {""name"": ""moe_mixer_ema"", ""views"": 1, ""temperature"": 2.0, ""weight"": 0.2}]"
3949977,1737793337.5466666,3261349696,3338572480,5682,6000,0.947,0.16376468539237976,0.8712522045855379,0.8233333333333334,0.8466152527849186,0.9467851563925613,"[2829, 2853]","[{""name"": ""accuracy_wide_clean_swa"", ""views"": 10, ""temperature"": 1.5, ""weight"": 0.21125000000000002, ""sha256"": ""0aa9d82bef91689cc3b4b76c97b385153e325887adf376d641f082358aabea0f""}, {""name"": ""accuracy_p2_clean_swa"", ""views"": 30, ""temperature"": 1.25, ""weight"": 0.21125000000000002, ""sha256"": ""31e66eb705618c067df9d65c5a5cb991addbb4f567a7c5dbab408f87859d6227""}, {""name"": ""mixer_pruned_75"", ""views"": 10, ""temperature"": 1.0, ""weight"": 0.22749999999999998, ""sha256"": ""c0b7eafe5070b3985442bfdf729ab2955c7340a172dc5b817150cc02771d5f53""}, {""name"": ""moe_mixer_ema"", ""views"": 1, ""temperature"": 2.0, ""weight"": 0.35}]"
3420119,632957719.9466666,1091459776,1168682560,5673,6000,0.9455,0.167088121175766,0.8578947368421053,0.815,0.8358974358974359,0.9452757044939928,"[2825, 2848]","[{""name"": ""accuracy_wide_clean_swa"", ""views"": 10, ""temperature"": 1.5, ""weight"": 0.325, ""sha256"": ""0aa9d82bef91689cc3b4b76c97b385153e325887adf376d641f082358aabea0f""}, {""name"": ""moe_mixer_ema"", ""views"": 1, ""temperature"": 2.0, ""weight"": 0.325}, {""name"": ""mixer_pruned_75"", ""views"": 10, ""temperature"": 1.0, ""weight"": 0.35, ""sha256"": ""c0b7eafe5070b3985442bfdf729ab2955c7340a172dc5b817150cc02771d5f53""}]"
3570025,1614645717.28,3019488576,3096711360,5684,6000,0.9473333333333334,0.16935007274150848,0.8754448398576512,0.82,0.846815834767642,0.9470991929399959,"[2835, 2849]","[{""name"": ""accuracy_wide_clean_swa"", ""views"": 10, ""temperature"": 1.5, ""weight"": 0.325, ""sha256"": ""0aa9d82bef91689cc3b4b76c97b385153e325887adf376d641f082358aabea0f""}, {""name"": ""accuracy_p2_clean_swa"", ""views"": 30, ""temperature"": 1.25, ""weight"": 0.325, ""sha256"": ""31e66eb705618c067df9d65c5a5cb991addbb4f567a7c5dbab408f87859d6227""}, {""name"": ""moe_mixer_ema"", ""views"": 1, ""temperature"": 2.0, ""weight"": 0.35}]"
1742421,773708160.0,773708160,773708160,5679,6000,0.9465,0.17588956654071808,0.8714788732394366,0.825,0.8476027397260274,0.9463115479559713,"[2828, 2851]","[{""name"": ""moe_mixer_ema"", ""views"": 10, ""temperature"": 1.5, ""weight"": 1.0}]"
3949977,2092345101.8666666,3957687040,4034909824,5714,6000,0.9523333333333334,0.15848830342292786,0.8865248226950354,0.8333333333333334,0.8591065292096219,0.9521051006731444,"[2852, 2862]","[{""name"": ""accuracy_wide_clean_swa"", ""views"": 10, ""temperature"": 1.5, ""weight"": 0.29250000000000004, ""sha256"": ""0aa9d82bef91689cc3b4b76c97b385153e325887adf376d641f082358aabea0f""}, {""name"": ""accuracy_p2_clean_swa"", ""views"": 30, ""temperature"": 1.25, ""weight"": 0.29250000000000004, ""sha256"": ""31e66eb705618c067df9d65c5a5cb991addbb4f567a7c5dbab408f87859d6227""}, {""name"": ""mixer_pruned_75"", ""views"": 10, ""temperature"": 1.0, ""weight"": 0.315, ""sha256"": ""c0b7eafe5070b3985442bfdf729ab2955c7340a172dc5b817150cc02771d5f53""}, {""name"": ""moe_mixer_ema"", ""views"": 10, ""temperature"": 1.5, ""weight"": 0.1}]"
3949977,2092345101.8666666,3957687040,4034909824,5708,6000,0.9513333333333334,0.15898644924163818,0.8833922261484098,0.8333333333333334,0.8576329331046312,0.9511139531865569,"[2847, 2861]","[{""name"": ""accuracy_wide_clean_swa"", ""views"": 10, ""temperature"": 1.5, ""weight"": 0.26, ""sha256"": ""0aa9d82bef91689cc3b4b76c97b385153e325887adf376d641f082358aabea0f""}, {""name"": ""accuracy_p2_clean_swa"", ""views"": 30, ""temperature"": 1.25, ""weight"": 0.26, ""sha256"": ""31e66eb705618c067df9d65c5a5cb991addbb4f567a7c5dbab408f87859d6227""}, {""name"": ""mixer_pruned_75"", ""views"": 10, ""temperature"": 1.0, ""weight"": 0.27999999999999997, ""sha256"": ""c0b7eafe5070b3985442bfdf729ab2955c7340a172dc5b817150cc02771d5f53""}, {""name"": ""moe_mixer_ema"", ""views"": 10, ""temperature"": 1.5, ""weight"": 0.2}]"
3949977,2092345101.8666666,3957687040,4034909824,5701,6000,0.9501666666666667,0.16022785007953644,0.8800705467372134,0.8316666666666667,0.8551842330762639,0.9499520631614283,"[2840, 2861]","[{""name"": ""accuracy_wide_clean_swa"", ""views"": 10, ""temperature"": 1.5, ""weight"": 0.21125000000000002, ""sha256"": ""0aa9d82bef91689cc3b4b76c97b385153e325887adf376d641f082358aabea0f""}, {""name"": ""accuracy_p2_clean_swa"", ""views"": 30, ""temperature"": 1.25, ""weight"": 0.21125000000000002, ""sha256"": ""31e66eb705618c067df9d65c5a5cb991addbb4f567a7c5dbab408f87859d6227""}, {""name"": ""mixer_pruned_75"", ""views"": 10, ""temperature"": 1.0, ""weight"": 0.22749999999999998, ""sha256"": ""c0b7eafe5070b3985442bfdf729ab2955c7340a172dc5b817150cc02771d5f53""}, {""name"": ""moe_mixer_ema"", ""views"": 10, ""temperature"": 1.5, ""weight"": 0.35}]"
3420119,987509484.2666667,1787797120,1865019904,5674,6000,0.9456666666666667,0.1636977195739746,0.8644366197183099,0.8183333333333334,0.8407534246575342,0.9454378649695814,"[2832, 2842]","[{""name"": ""accuracy_wide_clean_swa"", ""views"": 10, ""temperature"": 1.5, ""weight"": 0.325, ""sha256"": ""0aa9d82bef91689cc3b4b76c97b385153e325887adf376d641f082358aabea0f""}, {""name"": ""moe_mixer_ema"", ""views"": 10, ""temperature"": 1.5, ""weight"": 0.325}, {""name"": ""mixer_pruned_75"", ""views"": 10, ""temperature"": 1.0, ""weight"": 0.35, ""sha256"": ""c0b7eafe5070b3985442bfdf729ab2955c7340a172dc5b817150cc02771d5f53""}]"
3570025,1969197481.6,3715825920,3793048704,5700,6000,0.95,0.16581179201602936,0.8816254416961131,0.8316666666666667,0.855917667238422,0.9498037939443884,"[2844, 2856]","[{""name"": ""accuracy_wide_clean_swa"", ""views"": 10, ""temperature"": 1.5, ""weight"": 0.325, ""sha256"": ""0aa9d82bef91689cc3b4b76c97b385153e325887adf376d641f082358aabea0f""}, {""name"": ""accuracy_p2_clean_swa"", ""views"": 30, ""temperature"": 1.25, ""weight"": 0.325, ""sha256"": ""31e66eb705618c067df9d65c5a5cb991addbb4f567a7c5dbab408f87859d6227""}, {""name"": ""moe_mixer_ema"", ""views"": 10, ""temperature"": 1.5, ""weight"": 0.35}]"
1742421,2321124480.0,2321124480,2321124480,5672,6000,0.9453333333333334,0.17480525374412537,0.8603839441535777,0.8216666666666667,0.8405797101449275,0.9451494500675152,"[2820, 2852]","[{""name"": ""moe_mixer_ema"", ""views"": 30, ""temperature"": 1.5, ""weight"": 1.0}]"
3949977,2880237911.4666667,5505103360,5582326144,5717,6000,0.9528333333333333,0.1585696041584015,0.8853615520282186,0.8366666666666667,0.8603256212510711,0.9526239471009028,"[2855, 2862]","[{""name"": ""accuracy_wide_clean_swa"", ""views"": 10, ""temperature"": 1.5, ""weight"": 0.29250000000000004, ""sha256"": ""0aa9d82bef91689cc3b4b76c97b385153e325887adf376d641f082358aabea0f""}, {""name"": ""accuracy_p2_clean_swa"", ""views"": 30, ""temperature"": 1.25, ""weight"": 0.29250000000000004, ""sha256"": ""31e66eb705618c067df9d65c5a5cb991addbb4f567a7c5dbab408f87859d6227""}, {""name"": ""mixer_pruned_75"", ""views"": 10, ""temperature"": 1.0, ""weight"": 0.315, ""sha256"": ""c0b7eafe5070b3985442bfdf729ab2955c7340a172dc5b817150cc02771d5f53""}, {""name"": ""moe_mixer_ema"", ""views"": 30, ""temperature"": 1.5, ""weight"": 0.1}]"
3949977,2880237911.4666667,5505103360,5582326144,5715,6000,0.9525,0.1592373251914978,0.8840070298769771,0.8383333333333334,0.8605645851154833,0.9523026944056021,"[2853, 2862]","[{""name"": ""accuracy_wide_clean_swa"", ""views"": 10, ""temperature"": 1.5, ""weight"": 0.26, ""sha256"": ""0aa9d82bef91689cc3b4b76c97b385153e325887adf376d641f082358aabea0f""}, {""name"": ""accuracy_p2_clean_swa"", ""views"": 30, ""temperature"": 1.25, ""weight"": 0.26, ""sha256"": ""31e66eb705618c067df9d65c5a5cb991addbb4f567a7c5dbab408f87859d6227""}, {""name"": ""mixer_pruned_75"", ""views"": 10, ""temperature"": 1.0, ""weight"": 0.27999999999999997, ""sha256"": ""c0b7eafe5070b3985442bfdf729ab2955c7340a172dc5b817150cc02771d5f53""}, {""name"": ""moe_mixer_ema"", ""views"": 30, ""temperature"": 1.5, ""weight"": 0.2}]"
3949977,2880237911.4666667,5505103360,5582326144,5701,6000,0.9501666666666667,0.16076767444610596,0.8783068783068783,0.83,0.8534704370179949,0.9499456410566817,"[2841, 2860]","[{""name"": ""accuracy_wide_clean_swa"", ""views"": 10, ""temperature"": 1.5, ""weight"": 0.21125000000000002, ""sha256"": ""0aa9d82bef91689cc3b4b76c97b385153e325887adf376d641f082358aabea0f""}, {""name"": ""accuracy_p2_clean_swa"", ""views"": 30, ""temperature"": 1.25, ""weight"": 0.21125000000000002, ""sha256"": ""31e66eb705618c067df9d65c5a5cb991addbb4f567a7c5dbab408f87859d6227""}, {""name"": ""mixer_pruned_75"", ""views"": 10, ""temperature"": 1.0, ""weight"": 0.22749999999999998, ""sha256"": ""c0b7eafe5070b3985442bfdf729ab2955c7340a172dc5b817150cc02771d5f53""}, {""name"": ""moe_mixer_ema"", ""views"": 30, ""temperature"": 1.5, ""weight"": 0.35}]"
3420119,1775402293.8666666,3335213440,3412436224,5683,6000,0.9471666666666667,0.16361163556575775,0.8699472759226714,0.825,0.8468776732249786,0.9469649278275132,"[2836, 2847]","[{""name"": ""accuracy_wide_clean_swa"", ""views"": 10, ""temperature"": 1.5, ""weight"": 0.325, ""sha256"": ""0aa9d82bef91689cc3b4b76c97b385153e325887adf376d641f082358aabea0f""}, {""name"": ""moe_mixer_ema"", ""views"": 30, ""temperature"": 1.5, ""weight"": 0.325}, {""name"": ""mixer_pruned_75"", ""views"": 10, ""temperature"": 1.0, ""weight"": 0.35, ""sha256"": ""c0b7eafe5070b3985442bfdf729ab2955c7340a172dc5b817150cc02771d5f53""}]"
3570025,2757090291.2,5263242240,5340465024,5698,6000,0.9496666666666667,0.1653568148612976,0.8780918727915195,0.8283333333333334,0.8524871355060034,0.9494630192493982,"[2841, 2857]","[{""name"": ""accuracy_wide_clean_swa"", ""views"": 10, ""temperature"": 1.5, ""weight"": 0.325, ""sha256"": ""0aa9d82bef91689cc3b4b76c97b385153e325887adf376d641f082358aabea0f""}, {""name"": ""accuracy_p2_clean_swa"", ""views"": 30, ""temperature"": 1.25, ""weight"": 0.325, ""sha256"": ""31e66eb705618c067df9d65c5a5cb991addbb4f567a7c5dbab408f87859d6227""}, {""name"": ""moe_mixer_ema"", ""views"": 30, ""temperature"": 1.5, ""weight"": 0.35}]"
