name,parameters,macs,val_accuracy,best_epoch,seconds,shared_run,pareto
adamw_sigmoid,109386,109184,0.8978333473205566,28.0,8.265553951263428,,True
mixer_adamw,478640,29003008,0.9368333220481873,86.0,194.5457085017115,,False
mixer_average,478640,29003008,0.9388332962989807,4.0,50.17799003049731,,False
mixer_average_ema,478640,29003008,0.9401666522026062,4.0,50.17799003049731,mixer_average,True
mixer_average_swa,478640,29003008,0.9366666674613953,26.0,50.17799003049731,mixer_average,False
mixer_muon,478640,29003008,0.9388332962989807,82.0,346.3617900647223,,False
mixer_pruned_50,281264,19369216,0.934666633605957,12.0,38.27065049111843,,True
mixer_pruned_50_initial,281264,19369216,0.812333345413208,,,,False
mixer_pruned_75,379952,24186112,0.9369999766349792,4.0,37.023064939305186,,True
mixer_pruned_75_initial,379952,24186112,0.9146666526794434,,,,False
regularization_decay,994314,989696,0.9068333506584167,17.0,14.239799780771136,,False
regularization_dropout,994314,989696,0.9098333120346069,24.0,14.880474647507071,,False
regularization_none,994314,989696,0.9071666598320007,33.0,14.067397451028228,,False
residual_asam,994056,988928,0.9049999713897705,37.0,53.62130059301853,,False
residual_bn,994314,989696,0.9085000157356262,36.0,14.854085631668568,,False
residual_gelu,994314,989696,0.9096666574478149,34.0,13.639662900939584,,False
residual_geometry,994314,989696,0.9098333120346069,39.0,18.3920919559896,,False
residual_mixup,994314,989696,0.9049999713897705,37.0,19.378645543009043,,False
residual_muon,994056,988928,0.9143333435058594,40.0,42.59955636411905,,True
residual_sam,994056,988928,0.906166672706604,36.0,52.626729998737574,,False
residual_silu,994314,989696,0.9079999923706055,30.0,13.942726684734225,,False
residual_swiglu,994056,988928,0.9110000133514404,37.0,21.511220175772905,,False
student_control,90525,4867712,0.9231666326522827,70.0,71.78524772077799,,True
student_distill,90525,4867712,0.9231666326522827,77.0,103.2241820115596,,True
