parameters,full_macs,macs,worst_case_macs,correct,examples,accuracy,loss,shirt_precision,shirt_recall,shirt_f1,macro_f1,validation_half_correct,components
2207556,3183978880,1698398697.0666666,3261201664,5721,6000,0.9535,0.15823839604854584,0.8869257950530035,0.8366666666666667,0.8610634648370498,0.9532853801363863,"[2857, 2864]","[{""name"": ""accuracy_wide_clean_swa"", ""views"": 10, ""temperature"": 1.5, ""weight"": 0.325, ""sha256"": ""0aa9d82bef91689cc3b4b76c97b385153e325887adf376d641f082358aabea0f""}, {""name"": ""accuracy_p2_clean_swa"", ""views"": 30, ""temperature"": 1.25, ""weight"": 0.325, ""sha256"": ""31e66eb705618c067df9d65c5a5cb991addbb4f567a7c5dbab408f87859d6227""}, {""name"": ""mixer_pruned_75"", ""views"": 10, ""temperature"": 1.0, ""weight"": 0.35, ""sha256"": ""c0b7eafe5070b3985442bfdf729ab2955c7340a172dc5b817150cc02771d5f53""}]"
1297746,772227840,772227840.0,772227840,5670,6000,0.945,0.21358215808868408,0.8698752228163993,0.8133333333333334,0.8406546080964685,0.9446846944807012,"[2824, 2846]","[{""name"": ""pil_accuracy_wide_clean_swa"", ""views"": 10, ""temperature"": 0.1, ""weight"": 1.0, ""sha256"": ""238b7b5572b8f0d9a9a59733d9da6c8a4dea4a52b5db62df53cc48618af284b7""}]"
3505302,3956206720,2091591372.2666667,4033429504,5708,6000,0.9513333333333334,0.1575944870710373,0.8843416370106761,0.8283333333333334,0.8554216867469879,0.9510841684381337,"[2847, 2861]","[{""name"": ""accuracy_wide_clean_swa"", ""views"": 10, ""temperature"": 1.5, ""weight"": 0.29250000000000004, ""sha256"": ""0aa9d82bef91689cc3b4b76c97b385153e325887adf376d641f082358aabea0f""}, {""name"": ""accuracy_p2_clean_swa"", ""views"": 30, ""temperature"": 1.25, ""weight"": 0.29250000000000004, ""sha256"": ""31e66eb705618c067df9d65c5a5cb991addbb4f567a7c5dbab408f87859d6227""}, {""name"": ""mixer_pruned_75"", ""views"": 10, ""temperature"": 1.0, ""weight"": 0.315, ""sha256"": ""c0b7eafe5070b3985442bfdf729ab2955c7340a172dc5b817150cc02771d5f53""}, {""name"": ""pil_accuracy_wide_clean_swa"", ""views"": 10, ""temperature"": 0.1, ""weight"": 0.1, ""sha256"": ""238b7b5572b8f0d9a9a59733d9da6c8a4dea4a52b5db62df53cc48618af284b7""}]"
3505302,3956206720,2091591372.2666667,4033429504,5699,6000,0.9498333333333333,0.15746089816093445,0.8825622775800712,0.8266666666666667,0.8537005163511188,0.949579180927374,"[2839, 2860]","[{""name"": ""accuracy_wide_clean_swa"", ""views"": 10, ""temperature"": 1.5, ""weight"": 0.26, ""sha256"": ""0aa9d82bef91689cc3b4b76c97b385153e325887adf376d641f082358aabea0f""}, {""name"": ""accuracy_p2_clean_swa"", ""views"": 30, ""temperature"": 1.25, ""weight"": 0.26, ""sha256"": ""31e66eb705618c067df9d65c5a5cb991addbb4f567a7c5dbab408f87859d6227""}, {""name"": ""mixer_pruned_75"", ""views"": 10, ""temperature"": 1.0, ""weight"": 0.27999999999999997, ""sha256"": ""c0b7eafe5070b3985442bfdf729ab2955c7340a172dc5b817150cc02771d5f53""}, {""name"": ""pil_accuracy_wide_clean_swa"", ""views"": 10, ""temperature"": 0.1, ""weight"": 0.2, ""sha256"": ""238b7b5572b8f0d9a9a59733d9da6c8a4dea4a52b5db62df53cc48618af284b7""}]"
3505302,3956206720,2091591372.2666667,4033429504,5695,6000,0.9491666666666667,0.15833082795143127,0.8807829181494662,0.825,0.8519793459552496,0.9489023184762401,"[2839, 2856]","[{""name"": ""accuracy_wide_clean_swa"", ""views"": 10, ""temperature"": 1.5, ""weight"": 0.21125000000000002, ""sha256"": ""0aa9d82bef91689cc3b4b76c97b385153e325887adf376d641f082358aabea0f""}, {""name"": ""accuracy_p2_clean_swa"", ""views"": 30, ""temperature"": 1.25, ""weight"": 0.21125000000000002, ""sha256"": ""31e66eb705618c067df9d65c5a5cb991addbb4f567a7c5dbab408f87859d6227""}, {""name"": ""mixer_pruned_75"", ""views"": 10, ""temperature"": 1.0, ""weight"": 0.22749999999999998, ""sha256"": ""c0b7eafe5070b3985442bfdf729ab2955c7340a172dc5b817150cc02771d5f53""}, {""name"": ""pil_accuracy_wide_clean_swa"", ""views"": 10, ""temperature"": 0.1, ""weight"": 0.35, ""sha256"": ""238b7b5572b8f0d9a9a59733d9da6c8a4dea4a52b5db62df53cc48618af284b7""}]"
529858,2169889920,2169889920.0,2169889920,5653,6000,0.9421666666666667,0.222350612282753,0.8740740740740741,0.7866666666666666,0.8280701754385965,0.9417287279114375,"[2818, 2835]","[{""name"": ""pil_accuracy_p2_clean_swa"", ""views"": 30, ""temperature"": 0.1, ""weight"": 1.0, ""sha256"": ""36739bcb2dc51d81a7217536f355fd42375008582e4cd2a09c61a50276ece08b""}]"
2737414,5353868800,2803234314.6666665,5431091584,5710,6000,0.9516666666666667,0.15781749784946442,0.8861209964412812,0.83,0.8571428571428571,0.9514040986381355,"[2854, 2856]","[{""name"": ""accuracy_wide_clean_swa"", ""views"": 10, ""temperature"": 1.5, ""weight"": 0.29250000000000004, ""sha256"": ""0aa9d82bef91689cc3b4b76c97b385153e325887adf376d641f082358aabea0f""}, {""name"": ""accuracy_p2_clean_swa"", ""views"": 30, ""temperature"": 1.25, ""weight"": 0.29250000000000004, ""sha256"": ""31e66eb705618c067df9d65c5a5cb991addbb4f567a7c5dbab408f87859d6227""}, {""name"": ""mixer_pruned_75"", ""views"": 10, ""temperature"": 1.0, ""weight"": 0.315, ""sha256"": ""c0b7eafe5070b3985442bfdf729ab2955c7340a172dc5b817150cc02771d5f53""}, {""name"": ""pil_accuracy_p2_clean_swa"", ""views"": 30, ""temperature"": 0.1, ""weight"": 0.1, ""sha256"": ""36739bcb2dc51d81a7217536f355fd42375008582e4cd2a09c61a50276ece08b""}]"
2737414,5353868800,2803234314.6666665,5431091584,5699,6000,0.9498333333333333,0.15794923901557922,0.8835125448028673,0.8216666666666667,0.8514680483592401,0.9495365658964354,"[2849, 2850]","[{""name"": ""accuracy_wide_clean_swa"", ""views"": 10, ""temperature"": 1.5, ""weight"": 0.26, ""sha256"": ""0aa9d82bef91689cc3b4b76c97b385153e325887adf376d641f082358aabea0f""}, {""name"": ""accuracy_p2_clean_swa"", ""views"": 30, ""temperature"": 1.25, ""weight"": 0.26, ""sha256"": ""31e66eb705618c067df9d65c5a5cb991addbb4f567a7c5dbab408f87859d6227""}, {""name"": ""mixer_pruned_75"", ""views"": 10, ""temperature"": 1.0, ""weight"": 0.27999999999999997, ""sha256"": ""c0b7eafe5070b3985442bfdf729ab2955c7340a172dc5b817150cc02771d5f53""}, {""name"": ""pil_accuracy_p2_clean_swa"", ""views"": 30, ""temperature"": 0.1, ""weight"": 0.2, ""sha256"": ""36739bcb2dc51d81a7217536f355fd42375008582e4cd2a09c61a50276ece08b""}]"
2737414,5353868800,2803234314.6666665,5431091584,5691,6000,0.9485,0.1592988520860672,0.8905109489051095,0.8133333333333334,0.8501742160278746,0.948134715287193,"[2839, 2852]","[{""name"": ""accuracy_wide_clean_swa"", ""views"": 10, ""temperature"": 1.5, ""weight"": 0.21125000000000002, ""sha256"": ""0aa9d82bef91689cc3b4b76c97b385153e325887adf376d641f082358aabea0f""}, {""name"": ""accuracy_p2_clean_swa"", ""views"": 30, ""temperature"": 1.25, ""weight"": 0.21125000000000002, ""sha256"": ""31e66eb705618c067df9d65c5a5cb991addbb4f567a7c5dbab408f87859d6227""}, {""name"": ""mixer_pruned_75"", ""views"": 10, ""temperature"": 1.0, ""weight"": 0.22749999999999998, ""sha256"": ""c0b7eafe5070b3985442bfdf729ab2955c7340a172dc5b817150cc02771d5f53""}, {""name"": ""pil_accuracy_p2_clean_swa"", ""views"": 30, ""temperature"": 0.1, ""weight"": 0.35, ""sha256"": ""36739bcb2dc51d81a7217536f355fd42375008582e4cd2a09c61a50276ece08b""}]"
379952,241861120,241861120.0,241861120,5652,6000,0.942,0.20286236703395844,0.882466281310212,0.7633333333333333,0.8185880250223414,0.941328778722615,"[2821, 2831]","[{""name"": ""pil_mixer_pruned_75"", ""views"": 10, ""temperature"": 0.1, ""weight"": 1.0, ""sha256"": ""432127c491300ac235a0cc48c9e0f3b1b665651b5b335978f97d31b50c7c3c26""}]"
2587508,3425840000,1821546317.3333333,3503062784,5708,6000,0.9513333333333334,0.1579820066690445,0.8868940754039497,0.8233333333333334,0.8539325842696629,0.9510476734072583,"[2850, 2858]","[{""name"": ""accuracy_wide_clean_swa"", ""views"": 10, ""temperature"": 1.5, ""weight"": 0.29250000000000004, ""sha256"": ""0aa9d82bef91689cc3b4b76c97b385153e325887adf376d641f082358aabea0f""}, {""name"": ""accuracy_p2_clean_swa"", ""views"": 30, ""temperature"": 1.25, ""weight"": 0.29250000000000004, ""sha256"": ""31e66eb705618c067df9d65c5a5cb991addbb4f567a7c5dbab408f87859d6227""}, {""name"": ""mixer_pruned_75"", ""views"": 10, ""temperature"": 1.0, ""weight"": 0.315, ""sha256"": ""c0b7eafe5070b3985442bfdf729ab2955c7340a172dc5b817150cc02771d5f53""}, {""name"": ""pil_mixer_pruned_75"", ""views"": 10, ""temperature"": 0.1, ""weight"": 0.1, ""sha256"": ""432127c491300ac235a0cc48c9e0f3b1b665651b5b335978f97d31b50c7c3c26""}]"
2587508,3425840000,1821546317.3333333,3503062784,5698,6000,0.9496666666666667,0.15819576382637024,0.8846846846846846,0.8183333333333334,0.8502164502164502,0.9493661335175657,"[2847, 2851]","[{""name"": ""accuracy_wide_clean_swa"", ""views"": 10, ""temperature"": 1.5, ""weight"": 0.26, ""sha256"": ""0aa9d82bef91689cc3b4b76c97b385153e325887adf376d641f082358aabea0f""}, {""name"": ""accuracy_p2_clean_swa"", ""views"": 30, ""temperature"": 1.25, ""weight"": 0.26, ""sha256"": ""31e66eb705618c067df9d65c5a5cb991addbb4f567a7c5dbab408f87859d6227""}, {""name"": ""mixer_pruned_75"", ""views"": 10, ""temperature"": 1.0, ""weight"": 0.27999999999999997, ""sha256"": ""c0b7eafe5070b3985442bfdf729ab2955c7340a172dc5b817150cc02771d5f53""}, {""name"": ""pil_mixer_pruned_75"", ""views"": 10, ""temperature"": 0.1, ""weight"": 0.2, ""sha256"": ""432127c491300ac235a0cc48c9e0f3b1b665651b5b335978f97d31b50c7c3c26""}]"
2587508,3425840000,1821546317.3333333,3503062784,5691,6000,0.9485,0.15948882699012756,0.8925925925925926,0.8033333333333333,0.8456140350877193,0.9480918422887179,"[2842, 2849]","[{""name"": ""accuracy_wide_clean_swa"", ""views"": 10, ""temperature"": 1.5, ""weight"": 0.21125000000000002, ""sha256"": ""0aa9d82bef91689cc3b4b76c97b385153e325887adf376d641f082358aabea0f""}, {""name"": ""accuracy_p2_clean_swa"", ""views"": 30, ""temperature"": 1.25, ""weight"": 0.21125000000000002, ""sha256"": ""31e66eb705618c067df9d65c5a5cb991addbb4f567a7c5dbab408f87859d6227""}, {""name"": ""mixer_pruned_75"", ""views"": 10, ""temperature"": 1.0, ""weight"": 0.22749999999999998, ""sha256"": ""c0b7eafe5070b3985442bfdf729ab2955c7340a172dc5b817150cc02771d5f53""}, {""name"": ""pil_mixer_pruned_75"", ""views"": 10, ""temperature"": 0.1, ""weight"": 0.35, ""sha256"": ""432127c491300ac235a0cc48c9e0f3b1b665651b5b335978f97d31b50c7c3c26""}]"
2207556,3183978880,1698398697.0666666,3261201664,5702,6000,0.9503333333333334,0.16103753447532654,0.8946395563770795,0.8066666666666666,0.8483786152497809,0.949919760386319,"[2847, 2855]","[{""name"": ""accuracy_wide_clean_swa"", ""views"": 10, ""temperature"": 1.5, ""weight"": 0.325, ""sha256"": ""0aa9d82bef91689cc3b4b76c97b385153e325887adf376d641f082358aabea0f""}, {""name"": ""accuracy_p2_clean_swa"", ""views"": 30, ""temperature"": 1.25, ""weight"": 0.325, ""sha256"": ""31e66eb705618c067df9d65c5a5cb991addbb4f567a7c5dbab408f87859d6227""}, {""name"": ""pil_mixer_pruned_75"", ""views"": 10, ""temperature"": 0.1, ""weight"": 0.35, ""sha256"": ""432127c491300ac235a0cc48c9e0f3b1b665651b5b335978f97d31b50c7c3c26""}]"
2207556,3183978880,1698398697.0666666,3261201664,5702,6000,0.9503333333333334,0.15775035321712494,0.8837209302325582,0.8233333333333334,0.8524590163934426,0.9500455054367409,"[2847, 2855]","[{""name"": ""accuracy_wide_clean_swa"", ""views"": 10, ""temperature"": 1.5, ""weight"": 0.325, ""sha256"": ""0aa9d82bef91689cc3b4b76c97b385153e325887adf376d641f082358aabea0f""}, {""name"": ""pil_accuracy_p2_clean_swa"", ""views"": 30, ""temperature"": 0.1, ""weight"": 0.325, ""sha256"": ""36739bcb2dc51d81a7217536f355fd42375008582e4cd2a09c61a50276ece08b""}, {""name"": ""mixer_pruned_75"", ""views"": 10, ""temperature"": 1.0, ""weight"": 0.35, ""sha256"": ""c0b7eafe5070b3985442bfdf729ab2955c7340a172dc5b817150cc02771d5f53""}]"
2207556,3183978880,1698398697.0666666,3261201664,5697,6000,0.9495,0.16385908424854279,0.8944444444444445,0.805,0.8473684210526315,0.9490771263447175,"[2844, 2853]","[{""name"": ""accuracy_wide_clean_swa"", ""views"": 10, ""temperature"": 1.5, ""weight"": 0.325, ""sha256"": ""0aa9d82bef91689cc3b4b76c97b385153e325887adf376d641f082358aabea0f""}, {""name"": ""pil_accuracy_p2_clean_swa"", ""views"": 30, ""temperature"": 0.1, ""weight"": 0.325, ""sha256"": ""36739bcb2dc51d81a7217536f355fd42375008582e4cd2a09c61a50276ece08b""}, {""name"": ""pil_mixer_pruned_75"", ""views"": 10, ""temperature"": 0.1, ""weight"": 0.35, ""sha256"": ""432127c491300ac235a0cc48c9e0f3b1b665651b5b335978f97d31b50c7c3c26""}]"
